Title	degree	degree_ranking	indegree	indegree_ranking	outdegree	outdegree_ranking	betweenness	betweenness_ranking	pagerank	pagerank_ranking	closeness	closeness_ranking
Dimmock_v_Secretary_of_State_for_Education_and_Skills	9	330	1	565	9	212	40.77	484	0.0002480139	567	0.26787	602
IPCC_Fourth_Assessment_Report	84	14	55	12	33	20	12091.63	26	0.0045940818	37	0.32172	17
Thermohaline_circulation	33	68	29	47	9	212	3086.34	112	0.0061850682	22	0.29541	170
Ice_age	49	36	35	33	23	40	4541.82	78	0.0082315464	14	0.30934	48
An_Inconvenient_Truth	53	25	36	32	22	48	7185.9	45	0.0023094213	98	0.31471	26
Intergovernmental_Panel_on_Climate_Change	194	5	181	4	34	18	65532.65	5	0.0223557877	4	0.34202	5
Carbon_cycle	44	41	38	27	14	117	3358.3	101	0.0067847004	20	0.30829	52
The_Great_Global_Warming_Swindle	29	85	10	153	23	40	7896.84	38	0.001041861	189	0.29567	166
Gulf_Stream	15	217	12	120	6	331	708.88	286	0.00253671	90	0.28798	262
Al_Gore	58	22	51	15	12	149	7149.62	46	0.0037053361	60	0.31127	36
The_2030_°Challenge	7	406	1	565	7	275	716	277	0.0003289989	481	0.28882	253
Low-carbon_economy	48	38	38	27	19	69	10673.24	30	0.0043568557	40	0.31511	24
Renewable_energy	102	9	95	8	15	105	19091.1	14	0.0117998589	9	0.32721	10
Architecture_2030	1	882	1	565	1	784	0	633	0.0001969904	648	0.2242	948
Fossil_fuel	102	9	98	7	7	275	11606.06	27	0.0126011426	7	0.32904	8
Avoiding_dangerous_climate_change	42	46	29	47	19	69	12825.29	23	0.0039804033	50	0.31244	31
Greenhouse_gas	316	3	304	2	48	6	102239.55	2	0.0381509035	2	0.36347	3
Global_warming	325	2	302	3	59	4	196987.17	1	0.0395893302	1	0.36387	2
CalCars	6	463	2	437	5	400	220.95	375	0.0002594225	556	0.28617	303
World_Electric_Vehicle_Association	2	786	1	565	2	673	13.17	547	0.0002012894	640	0.22999	933
Rocky_Mountain_Institute	8	365	7	211	1	784	22.55	520	0.0008054851	250	0.25492	770
CarboNZero_programme	3	700	0	760	3	578	0	633	0.0001556252	971	0.25234	795
New_Zealand_Emissions_Trading_Scheme	22	132	9	169	19	69	3586.93	94	0.0009653072	214	0.28164	380
Climate_change_in_New_Zealand	33	68	9	169	30	24	6034.61	55	0.0006246033	310	0.3103	41
Climate_change_mitigation	107	8	52	14	69	3	33234.32	7	0.0041397397	44	0.33311	7
1Sky	14	233	6	235	11	166	573.84	304	0.0004387531	403	0.29523	173
350.org	29	85	13	110	19	69	2210.48	143	0.0008049053	251	0.30972	46
Climate_change	335	1	307	1	41	10	84211.1	4	0.0349702858	3	0.36507	1
Individual_and_political_action_on_climate_change	57	23	34	36	34	18	27253.67	11	0.0026389589	84	0.31833	20
Clean_Air_Act_(United_States)	10	302	5	262	6	331	730.83	273	0.0004621348	386	0.27458	488
Bill_McKibben	19	160	17	87	6	331	1878.26	160	0.0010745803	183	0.28749	275
American_Clean_Energy_and_Security_Act	22	132	7	211	18	78	1465.13	195	0.0006056335	320	0.28715	282
2009_United_Nations_Climate_Change_Conference	64	19	48	17	29	26	17398.57	16	0.0044784898	39	0.31069	39
Greenpeace	60	21	53	13	7	275	6973.81	47	0.0037489942	58	0.31501	25
Energy_Action_Coalition	18	172	10	153	15	105	2705.06	124	0.0008404955	246	0.26658	657
Environmental_impact_of_transport_in_Australia	11	284	0	760	11	166	0	633	0.0001556252	763	0.27375	500
Emissions_trading	98	11	79	9	48	6	31617.49	8	0.0059748283	24	0.32224	14
New_South_Wales_Greenhouse_Gas_Abatement_Scheme	6	463	5	262	1	784	0	633	0.0003647776	446	0.26837	591
Carbon_Pollution_Reduction_Scheme	18	172	11	137	10	186	1470.72	193	0.000497163	369	0.29445	183
Mark_Diesendorf	4	615	3	358	2	673	2812.27	120	0.0002554373	562	0.24217	863
Mitigation_of_global_warming_in_Australia	25	112	8	191	22	48	5053.15	69	0.0003935571	428	0.29832	142
Garnaut_Climate_Change_Review	22	132	13	110	14	117	6277.14	51	0.0007402121	272	0.29541	170
Effects_of_global_warming_on_Australia	23	124	11	137	16	94	5328.95	66	0.0004703426	382	0.30517	76
Carbon_capture_and_storage_in_Australia	6	463	2	437	4	470	4.25	592	0.000178588	693	0.27107	545
Greenhouse_Mafia	14	233	9	169	7	275	1566.06	182	0.0004552462	391	0.30221	104
Paleothermometer	6	463	5	262	2	673	714.37	280	0.0005720022	334	0.26038	705
Paleoclimatology	33	68	24	58	17	85	2142.42	145	0.0047535096	35	0.29797	145
Ice_core	30	77	24	58	10	186	1749.04	168	0.0053600687	29	0.3063	67
Political_economy_of_climate_change	7	406	0	760	7	275	0	633	0.0001556252	763	0.29602	160
Politics_of_global_warming	50	33	32	41	20	57	7783.29	41	0.0022826236	100	0.30185	107
World_Bank	36	58	35	33	4	470	2237.17	142	0.0038484107	53	0.27725	454
Climate_variability	24	117	23	64	1	784	1705.13	172	0.0026089719	86	0.28765	271
Kyoto_Protocol	182	6	171	5	43	8	61520.46	6	0.0162681201	5	0.33774	6
United_Nations_Framework_Convention_on_Climate_Change	120	7	111	6	22	48	29325.28	10	0.0113096244	10	0.32872	9
UN_climate_change_conference_2009	1	882	0	760	1	784	0	633	0.0001556252	883	0.23716	898
Skeptical_Science	5	536	2	437	4	470	571.8	306	0.000798989	254	0.28502	326
Scientific_opinion_on_climate_change	53	25	26	54	28	28	7453.2	43	0.0028278429	77	0.31098	38
John_Christy	17	185	11	137	9	212	1337.63	200	0.0007020946	283	0.2781	434
Radiative_forcing	54	24	50	16	11	166	4474.41	80	0.0119843862	8	0.31571	23
Arctic_methane_release	19	160	12	120	11	166	1320.03	202	0.0027726058	79	0.29384	189
Climatic_Research_Unit	23	124	15	98	10	186	875.15	264	0.0017708713	119	0.30286	96
Climate	84	14	72	11	20	57	14176.97	21	0.009634502	12	0.31853	19
Solar_variation	36	58	21	70	20	57	1635.71	175	0.0035657452	64	0.30276	97
Global_warming_controversy	85	13	43	21	58	5	29635.16	9	0.0035801658	63	0.31945	18
Effects_of_global_warming	63	20	38	27	36	14	18381.01	15	0.0050907849	31	0.32276	13
Geoengineering	71	17	47	18	41	10	22534.16	12	0.0058340295	26	0.32497	11
Adaptive_capacity	5	536	4	308	1	784	1197.96	211	0.0008584959	243	0.27398	492
Ocean_acidification	37	54	29	47	12	149	1726.37	171	0.0037783238	56	0.3023	101
Medieval_Warm_Period	29	85	24	58	11	166	4990.09	70	0.0043005295	42	0.30112	115
El_Niño	41	49	41	24	0	939	0	633	0.0081241596	15	0.30103	117
Nitrous_oxide	35	62	35	33	4	470	601.32	300	0.0066896107	21	0.3103	41
Paleocene–Eocene_Thermal_Maximum	20	151	16	94	8	244	1140.68	218	0.0030174361	72	0.30396	84
Keeling_Curve	17	185	10	153	8	244	532.4	308	0.0020998809	106	0.29602	160
West_Antarctic_Ice_Sheet	16	201	13	110	5	400	1549.52	186	0.0018141311	115	0.28807	260
Ice-albedo_feedback	13	249	11	137	2	673	42.22	481	0.0020377722	108	0.2727	515
Carbon_capture_and_storage	50	33	39	26	24	36	12431.68	24	0.0047364455	36	0.31137	35
Maunder_Minimum	11	284	11	137	3	578	36.2	493	0.0029362738	75	0.29401	187
Methane	78	16	77	10	8	244	3885.97	89	0.0140452159	6	0.32182	15
History_of_climate_change_science	23	124	6	235	18	78	677.94	292	0.00128748	154	0.29877	139
Climate_model	43	45	37	31	10	186	2044.29	151	0.0051031938	30	0.30772	58
Climate_commitment	8	365	3	358	5	400	55.57	462	0.0007602067	267	0.29255	200
Albedo	52	29	47	18	9	212	4610.18	76	0.010022733	11	0.30753	59
Carbon_dioxide_removal	30	77	17	87	20	57	5751.79	57	0.0033095556	68	0.30332	92
International_Union_for_Quaternary_Research	10	302	4	308	6	331	38.15	491	0.0012216431	162	0.30258	100
Urban_heat_island	20	151	16	94	10	186	3390.1	100	0.0024926833	91	0.28832	258
Arctic_shrinkage	13	249	12	120	1	784	4353.42	83	0.0015686033	132	0.28085	389
RealClimate	21	142	20	75	4	470	517.07	313	0.0038533243	52	0.29272	199
Global_dimming	29	85	19	77	17	85	1828.6	165	0.0036689233	61	0.31127	36
Instrumental_temperature_record	28	93	18	84	13	129	2932.76	116	0.0038003783	55	0.30057	125
Abrupt_climate_change	31	74	17	87	21	53	10220.16	31	0.0036197315	62	0.30057	125
Ozone_depletion	39	51	33	39	10	186	4855.23	72	0.0068169037	19	0.31283	30
Carbon_sink	52	29	32	41	30	24	13196.56	22	0.0047717681	34	0.32182	15
World_Glacier_Monitoring_Service	4	615	4	308	0	939	0	633	0.0011274202	176	0.26779	603
Satellite_temperature_measurements	17	185	9	169	8	244	191.92	382	0.0015466584	136	0.29815	144
Cloud_forcing	9	330	1	565	9	212	271.41	363	0.0007461856	270	0.29238	203
Adaptation_to_global_warming	46	40	11	137	38	12	10761.09	29	0.001423763	147	0.31421	28
Glossary_of_climate_change	93	12	4	308	92	2	16303.32	17	0.0009817779	208	0.32476	12
Index_of_climate_change_articles	221	4	4	308	221	1	89025.26	3	0.0011623596	172	0.3469	4
National_Climatic_Data_Center	16	201	12	120	6	331	1571.3	179	0.0029773179	74	0.2948	179
Little_Ice_Age	39	51	30	46	17	85	3519.6	96	0.0060513507	23	0.30876	51
Climate_Change_Science_Program	24	117	19	77	8	244	3493.56	97	0.0023713322	96	0.29868	140
Extreme_weather	26	104	22	67	6	331	705.68	287	0.0022026403	103	0.29462	181
Climate_sensitivity	28	93	21	70	17	85	12250.97	25	0.0042958687	43	0.30452	79
Solar_radiation_management	28	93	13	110	22	48	6208.97	52	0.002597799	87	0.2941	185
Copenhagen_Accord	22	132	14	103	15	105	3661.37	93	0.0018264239	114	0.30583	70
Attribution_of_recent_climate_change	52	29	17	87	42	9	9665.11	33	0.0030792177	71	0.31752	21
Catastrophic_climate_change	1	882	0	760	1	784	0	633	0.0001556252	883	0.2221	959
Runaway_climate_change	26	104	12	120	20	57	2420.14	137	0.0014916665	141	0.28535	317
Climate_change_in_the_European_Union	6	463	3	358	4	470	1599.59	177	0.0004162533	415	0.2742	490
List_of_European_power_companies_by_carbon_intensity	1	882	1	565	0	939	0	633	0.0002472126	568	0.21529	972
European_Federation_for_Transport_and_Environment	3	700	3	358	2	673	1960.04	156	0.0004515953	393	0.22249	955
European_Union_Emission_Trading_Scheme	44	41	34	36	20	57	6179.62	53	0.003746327	59	0.28991	239
Not_Evil_Just_Wrong	8	365	1	565	7	275	40.72	485	0.0001954928	651	0.28029	401
The_Age_of_Stupid	18	172	11	137	9	212	683.03	291	0.0006281565	309	0.29752	149
National_Assessment_on_Climate_Change	4	615	3	358	2	673	2.91	599	0.0005380557	347	0.26881	583
Arctic_geoengineering	12	263	3	358	10	186	75.21	440	0.0002970402	507	0.27004	564
Greenhouse_gas_remediation	17	185	11	137	10	186	615.85	298	0.0017952712	117	0.29144	220
Ken_Caldeira	12	263	6	235	6	331	1998.33	154	0.0004037025	425	0.27595	475
Post–Kyoto_Protocol_negotiations_on_greenhouse_gas_emissions	26	104	12	120	20	57	7792.26	40	0.002470715	93	0.30359	90
Center_for_Climate_and_Energy_Solutions	11	284	8	191	3	578	495.64	316	0.0007049991	282	0.28053	395
List_of_countries_by_ratio_of_GDP_to_carbon_dioxide_emissions	10	302	8	191	2	673	75.02	441	0.0005668528	335	0.25044	807
Tim_Flannery	13	249	10	153	4	470	251.92	367	0.0006444931	302	0.28882	253
2007_United_Nations_Climate_Change_Conference	9	330	6	235	6	331	1162.19	214	0.0007350008	274	0.26004	709
2011_United_Nations_Climate_Change_Conference	15	217	9	169	9	212	957.39	245	0.0010977905	180	0.29212	207
List_of_countries_by_carbon_dioxide_emissions_per_capita	12	263	7	211	6	331	629.75	296	0.0005103761	361	0.2941	185
Bali_Road_Map	22	132	13	110	12	149	2065.26	149	0.0016329436	126	0.2962	157
List_of_countries_by_carbon_dioxide_emissions	28	93	16	94	15	105	2809.12	121	0.0014512912	145	0.30545	71
Greenhouse_Development_Rights	10	302	5	262	5	400	519.28	312	0.0005995877	322	0.27641	468
2008_United_Nations_Climate_Change_Conference	10	302	8	191	3	578	203.54	379	0.0010163803	197	0.26278	678
List_of_countries_by_greenhouse_gas_emissions_per_capita	18	172	11	137	9	212	474.89	321	0.000579314	331	0.30387	87
4_Degrees_and_Beyond_International_Climate_Conference	8	365	6	235	2	673	939.69	253	0.0012969232	153	0.29059	231
Royal_Society_of_New_Zealand	7	406	5	262	2	673	51.32	466	0.0004626986	384	0.28691	286
Sea_level_rise	42	46	41	24	1	784	1499.58	189	0.0059134724	25	0.30536	74
IPCC_Third_Assessment_Report	39	51	28	53	16	94	3915.32	88	0.0038963675	51	0.3103	41
Arctic_Climate_Impact_Assessment	10	302	9	169	2	673	1359.72	198	0.0010185769	196	0.28543	315
Stephen_Schneider	14	233	10	153	4	470	216.13	377	0.0011017391	179	0.3035	91
Public_opinion_on_climate_change	14	233	5	262	10	186	1278.76	207	0.000339741	469	0.29576	164
Meteorology	35	62	22	67	16	94	2395.05	139	0.0016892022	123	0.29859	141
Coral_bleaching	13	249	8	191	5	400	508.57	314	0.0014065044	150	0.29967	130
List_of_climate_scientists	44	41	14	103	35	15	9163.07	35	0.0016195828	129	0.29358	193
Climate_change_in_Maldives	35	62	34	36	1	784	881.72	263	0.0022538263	102	0.28957	244
Economics_of_global_warming	48	38	16	94	35	15	4269.79	85	0.0010550861	187	0.31581	22
Greenhouse_effect	53	25	45	20	12	149	4366.29	82	0.0086475841	13	0.30734	61
Effects_of_global_warming_on_wine_production	4	615	1	565	4	470	12.54	550	0.0001659971	734	0.28518	319
Effect_of_climate_change_on_plant_biodiversity	10	302	3	358	7	275	979.5	239	0.0002226504	600	0.2948	179
Climate_change_and_agriculture	28	93	7	211	23	40	2361.86	140	0.0002710492	538	0.31156	34
Coal_power_in_the_United_States	4	615	1	565	4	470	8.7	563	0.0001853979	671	0.23857	887
Carbon_tax	53	25	31	43	29	26	7287.21	44	0.0019744627	112	0.30667	64
Coal_power_in_the_People's_Republic_of_China	4	615	4	308	0	939	0	633	0.0002582938	558	0.23857	887
American_Coalition_for_Clean_Coal_Electricity	10	302	2	437	9	212	1142.71	217	0.0003044549	499	0.27641	468
Fossil_fuel_power_plant	25	112	25	56	0	939	0	633	0.0039814184	49	0.27671	461
10:10	8	365	0	760	8	244	0	633	0.0001556252	883	0.26271	679
Nicholas_Stern,_Baron_Stern_of_Brentford	20	151	11	137	10	186	1196.91	212	0.0006840333	287	0.30121	113
2010_United_Nations_Climate_Change_Conference	33	68	19	77	20	57	5082.52	68	0.0017895035	118	0.28478	329
Steven_Chu	12	263	2	437	10	186	329.01	350	0.0005354215	349	0.29895	138
Sunlight	35	62	29	47	8	244	1486.31	191	0.0071210494	18	0.29332	194
Effects_of_climate_change_on_marine_mammals	7	406	2	437	5	400	13.18	546	0.0001882481	667	0.29255	200
Global_climate_model	40	50	29	47	17	85	3734.27	91	0.0056307082	27	0.30433	80
Jonathan_M._Gregory	11	284	4	308	7	275	795.96	269	0.0009987872	202	0.2683	592
Hadley_Centre_for_Climate_Prediction_and_Research	30	77	29	47	4	470	1311.61	203	0.0040802291	46	0.28765	271
IPCC_Second_Assessment_Report	13	249	9	169	4	470	309.95	352	0.0016259284	128	0.2977	146
Indian_Network_on_Climate_Change_Assessment	2	786	2	437	1	784	0	633	0.0007674289	264	0.25544	763
The_Deniers	14	233	2	437	13	129	152.42	393	0.0001810256	691	0.29994	129
Hockey_stick_controversy	44	41	12	120	38	12	5571.81	59	0.0009680194	212	0.3062	68
Tropical_cyclone	34	67	24	58	14	117	2200.32	144	0.0032689294	69	0.2905	233
The_Real_Global_Warming_Disaster	15	217	5	262	14	117	420.13	333	0.000330411	478	0.29306	197
Stern_Review	49	36	33	39	23	40	14483.74	20	0.0029099547	76	0.30896	50
Richard_Tol	12	263	6	235	7	275	2003.76	152	0.0004363243	407	0.2818	379
The_Hockey_Stick_Illusion	10	302	3	358	9	212	31.01	498	0.0002110723	617	0.27587	476
Christopher_Landsea	7	406	5	262	4	470	103.41	417	0.000533826	353	0.27383	498
Coalclaims	1	882	0	760	1	784	0	633	0.0001556252	883	0.20638	981
Department_of_Energy_and_Climate_Change	22	132	22	67	2	673	7866.53	39	0.0048258128	33	0.25991	712
Information_Council_on_the_Environment	2	786	1	565	1	784	0	633	0.0001881988	668	0.26815	595
Energy_forestry	5	536	1	565	4	470	0	633	0.0001602542	742	0.29084	229
Plant_A_Tree_Today_Foundation	4	615	1	565	4	470	12.39	551	0.0003604795	448	0.27564	479
Carbon_offset	68	18	43	21	35	15	15817.01	18	0.0035655758	65	0.308	56
Reforestation	22	132	18	84	7	275	1565.82	183	0.0016293147	127	0.29515	175
Climate_change_and_poverty	16	201	1	565	15	105	954.98	247	0.0001757474	701	0.30148	108
food_security	2	786	2	437	0	939	0	633	0.0001720677	712	0.23852	889
Effects_of_global_warming_on_South_Asia	16	201	5	262	12	149	2817.88	119	0.0004514332	394	0.2994	133
Climate_ethics	12	263	6	235	7	275	526.48	309	0.0007093613	279	0.28798	262
Climate_Prediction_Center	5	536	3	358	3	578	34.43	495	0.0010266384	194	0.24678	832
OneClimate	7	406	1	565	7	275	21.78	525	0.0003569293	452	0.25466	773
World_People's_Conference_on_Climate_Change	5	536	5	262	4	470	1105.16	222	0.0009149018	224	0.25916	722
The_Chilling_Stars	6	463	1	565	6	331	15.31	541	0.0001950731	653	0.27166	533
The_Cloud_Mystery	5	536	2	437	5	400	988.71	237	0.0002241072	596	0.28332	359
List_of_geoengineering_topics	3	700	2	437	1	784	2925.06	117	0.0002854884	523	0.26195	690
Outline_of_geoengineering	32	73	1	565	31	21	2703.06	125	0.0004068871	424	0.26258	681
CarbFix	3	700	2	437	1	784	8.32	566	0.0004786606	375	0.2392	885
Enhanced_weathering	6	463	5	262	1	784	714	283	0.0008898044	233	0.25466	773
Stefan_Rahmstorf	12	263	10	153	4	470	689.48	289	0.0022726718	101	0.28421	347
Michael_E._Mann	21	142	11	137	15	105	3490.3	98	0.0021623238	104	0.27019	560
Arctic_Research_Office	2	786	2	437	1	784	723.34	274	0.0003201007	489	0.23426	915
Office_of_Oceanic_and_Atmospheric_Research	11	284	7	211	10	186	5570.24	60	0.0012198418	164	0.28832	258
Australian_Industry_Greenhouse_Network	3	700	1	565	3	578	43.16	480	0.0002128635	615	0.23659	905
Prime_Ministerial_Task_Group_on_Emissions_Trading	9	330	3	358	7	275	375.74	342	0.0002752802	535	0.26216	686
European_Climate_Change_Programme	11	284	7	211	6	331	3987.34	87	0.0013115728	152	0.27998	406
Making_Sweden_an_Oil-Free_Society	11	284	3	358	8	244	1056.01	227	0.0004119849	421	0.27873	423
Indian_Youth_Climate_Network	10	302	9	169	6	331	2692.59	126	0.0009839704	206	0.24666	835
Climate_change_in_Europe	6	463	0	760	6	331	0	633	0.0001556252	774	0.27849	427
Energy_conservation	26	104	19	77	8	244	1765.66	166	0.0015299169	138	0.29229	205
World_Vision_International	2	786	1	565	1	784	0	633	0.0002241091	595	0.23972	879
Enteric_fermentation	7	406	6	235	1	784	0.68	620	0.000966894	213	0.27865	425
Benny_Peiser	8	365	4	308	5	400	578.28	303	0.0003583877	450	0.2736	503
Temperature_record_since_1880	9	330	8	191	1	784	28.2	505	0.0012184264	165	0.26474	662
Slash_and_burn	7	406	7	211	0	939	0	633	0.0006698806	294	0.2639	668
Benjamin_D._Santer	8	365	5	262	4	470	453.07	327	0.0009396918	219	0.27826	431
North_Atlantic_oscillation	18	172	15	98	7	275	3567.85	95	0.0037499628	57	0.29629	156
Temperature_record_of_the_past_1000_years	21	142	10	153	15	105	1052.5	230	0.001540766	137	0.29904	136
Environmental_impact_of_aviation	24	117	12	120	16	94	6508.13	50	0.0025784898	89	0.31431	27
List_of_scientists_opposing_the_mainstream_scientific_assessment_of_global_warming	27	102	14	103	18	78	4475.96	79	0.0014640444	144	0.3081	54
Climate_attribution	4	615	1	565	3	578	0.16	631	0.0002201504	608	0.27092	550
Black_carbon	16	201	9	169	8	244	122.34	408	0.0011910709	168	0.28666	293
Arctic_oscillation	12	263	9	169	5	400	289.91	357	0.0020374344	109	0.28413	349
Global_warming_game	12	263	2	437	11	166	318.49	351	0.0002809834	525	0.30066	123
Potsdam_Institute_for_Climate_Impact_Research	7	406	4	308	4	470	926.54	258	0.0004354882	408	0.2595	715
National_Energy_Foundation	8	365	4	308	5	400	1218.48	210	0.0005824835	330	0.25266	791
European_Climate_Forum	5	536	2	437	3	578	625.59	297	0.0001827357	688	0.26093	699
Bio-geoengineering	6	463	3	358	3	578	6.14	586	0.0002757313	534	0.26244	683
Iron_fertilization	18	172	9	169	12	149	1557.21	185	0.0011950508	167	0.30057	125
Ocean_nourishment	3	700	3	358	0	939	0	633	0.0003733027	443	0.24575	843
Clean_Energy_Trends	7	406	6	235	1	784	27.24	509	0.0010391134	191	0.28899	250
Peak_oil	24	117	19	77	8	244	3094.17	111	0.0024854941	92	0.29067	230
Carbon_neutrality	36	58	21	70	21	53	8127.72	37	0.0027102024	82	0.3081	54
Negative_carbon_dioxide_emission	21	142	10	153	14	117	1399.82	196	0.0016369916	125	0.29118	225
Climate_Change_and_Emissions_Management_Amendment_Act	1	882	0	760	1	784	0	633	0.0001556252	883	0.26672	651
How_to_Live_a_Low-Carbon_Life	1	882	0	760	1	784	0	633	0.0001556252	883	0.2223	958
Ten_Technologies_to_Fix_Energy_and_Climate	4	615	1	565	3	578	716	278	0.0002925929	511	0.28567	312
Global-warming_potential	30	77	24	58	13	129	2792.08	122	0.0073080792	16	0.31185	33
Clean_Development_Mechanism	50	33	42	23	21	53	6079.58	54	0.0040141771	48	0.29126	221
Emission_Reduction_Unit	17	185	13	110	6	331	102.23	418	0.0015848648	131	0.28641	297
Flexible_Mechanisms	21	142	13	110	14	117	1146.94	215	0.0019872019	111	0.28228	368
Reducing_Emissions_from_Deforestation_and_Forest_Degradation	15	217	10	153	9	212	5531.11	62	0.0016902577	121	0.28617	303
Joint_Implementation	23	124	19	77	8	244	267	365	0.0023990545	95	0.28268	364
CRC_Energy_Efficiency_Scheme	11	284	6	235	8	244	1528.46	187	0.001107943	177	0.27733	452
Business_action_on_climate_change	31	74	13	110	23	40	4663.57	74	0.0010968919	181	0.30924	49
Kyoto_Protocol_and_government_action	26	104	1	565	26	34	1750.4	167	0.0004885967	371	0.30406	83
List_of_parties_to_the_Kyoto_Protocol	5	536	3	358	3	578	98.9	420	0.0007561377	269	0.27982	411
Carbon_emission_trading	23	124	5	262	19	69	1335.93	201	0.0005736378	333	0.29558	168
Regional_Greenhouse_Gas_Initiative	30	77	25	56	12	149	5416.94	65	0.0028168441	78	0.29602	160
Greenhouse_gas_inventory	15	217	7	211	12	149	1505.67	188	0.0007770864	259	0.28865	256
Climate_legislation	4	615	2	437	2	673	173.74	387	0.0004979889	368	0.27756	444
The_Adaptation_Fund	6	463	2	437	5	400	21.98	524	0.0005215723	356	0.26369	669
Efficient_energy_use	29	85	17	87	13	129	5525.41	63	0.0022972475	99	0.30527	75
Carbon_finance	18	172	12	120	10	186	1386.01	197	0.00140944	149	0.281	388
UK_Emissions_Trading_Scheme	6	463	3	358	5	400	79.94	438	0.0006686748	295	0.27748	447
Certified_Emission_Reduction	24	117	21	70	10	186	2603.83	130	0.002353998	97	0.26844	589
The_Hartwell_Paper	7	406	4	308	5	400	2952	115	0.0005964157	323	0.27144	540
Western_Climate_Initiative	28	93	23	64	13	129	2582.61	132	0.0018846603	113	0.29238	203
Byrd–Hagel_Resolution	7	406	7	211	1	784	0	633	0.0009429025	218	0.26446	665
List_of_climate_change_initiatives	16	201	10	153	13	129	1278.62	208	0.0011567151	174	0.28478	329
Sierra_Club	21	142	15	98	7	275	4353.01	84	0.0016899524	122	0.28584	309
Overpopulation	15	217	8	191	8	244	522.55	310	0.0008101034	249	0.30276	97
Massachusetts_v._Environmental_Protection_Agency	10	302	3	358	9	212	395.85	339	0.0004518405	392	0.29931	134
Timeline_of_environmental_history	20	151	5	262	16	94	2079.58	147	0.0007111971	278	0.27122	543
International_Climate_Change_Partnership	6	463	0	760	6	331	0	633	0.0001556252	774	0.28584	309
Holocene	31	74	26	54	8	244	3346.17	102	0.0043130814	41	0.30396	84
Carbon_Dioxide_Information_Analysis_Center	10	302	8	191	3	578	5100.35	67	0.0018127941	116	0.28732	279
Global_cooling	30	77	14	103	19	69	446.46	328	0.0020320962	110	0.30103	117
Milankovitch_cycles	24	117	18	84	9	212	828.64	268	0.0045231811	38	0.29708	151
Carbon_dioxide_equivalent	28	93	24	58	7	275	1250.33	209	0.0029931758	73	0.29611	158
Midwestern_Greenhouse_Gas_Accord	10	302	7	211	7	275	72.48	445	0.0007616173	266	0.29161	216
The_Climate_Registry	15	217	10	153	11	166	688.65	290	0.0010887096	182	0.28983	241
Renewable_energy_commercialization	30	77	17	87	15	105	5683.21	58	0.0012205747	163	0.30304	94
Our_Choice	13	249	5	262	11	166	436.74	330	0.0006069739	319	0.28006	405
Ecotax	10	302	5	262	6	331	419.09	334	0.0003798403	437	0.28518	319
Denis_Hayes	7	406	4	308	3	578	756.51	270	0.0004363397	406	0.25363	781
Twisted,_The_Distorted_Mathematics_of_Greenhouse_Denial	5	536	0	760	5	400	0	633	0.0001556252	867	0.27218	524
Ian_G._Enting	5	536	2	437	3	578	40.17	486	0.0001944327	656	0.25215	796
Environmental_skepticism	9	330	5	262	6	331	358.77	347	0.0002514643	563	0.26686	649
Effects_of_climate_change_on_terrestrial_animals	6	463	0	760	6	331	0	633	0.0001556252	774	0.28957	244
Extinction_risk_from_global_warming	7	406	2	437	5	400	35.62	494	0.0002064471	631	0.28749	275
Phenology	11	284	8	191	4	470	947.26	250	0.0005076728	362	0.29523	173
Eban_Goodstein	5	536	2	437	4	470	1040.16	232	0.0002360427	584	0.28674	291
Focus_the_Nation	4	615	1	565	4	470	40.08	487	0.0002075612	628	0.23978	878
An_Inconsistent_Truth	6	463	0	760	6	331	0	633	0.0001556252	774	0.27353	505
Kamrun_Nahar	3	700	0	760	3	578	0	633	0.0001556252	971	0.27026	558
Climate_change_in_Bangladesh	8	365	1	565	7	275	123.38	405	0.0002012811	641	0.28999	235
Carbon_sequestration	42	46	31	43	19	69	4100.09	86	0.003829658	54	0.29585	163
New_Zealand_Climate_Science_Coalition	9	330	3	358	7	275	418.06	335	0.0002787772	528	0.28882	253
National_Institute_of_Water_and_Atmospheric_Research	10	302	5	262	7	275	123.23	406	0.0003350069	473	0.28037	397
Australian_Youth_Climate_Coalition	10	302	8	191	5	400	470.94	322	0.0006729175	291	0.25492	770
Climate_Solutions_Road_Tour	1	882	1	565	1	784	0	633	0.0002999593	503	0.19794	989
UK_Youth_Climate_Coalition	17	185	8	191	15	105	940.97	252	0.0006607946	296	0.25903	724
Canadian_Youth_Climate_Coalition	7	406	7	211	5	400	193.16	381	0.0006174567	312	0.23704	900
Youth_Climate_Movement	12	263	9	169	11	166	2415.16	138	0.000878069	238	0.27998	406
White_House_Office_of_Energy_and_Climate_Change_Policy	4	615	1	565	4	470	13.27	545	0.0001850355	674	0.27211	526
Nationally_Appropriate_Mitigation_Action	7	406	3	358	5	400	108.71	412	0.0003822503	434	0.25088	804
Office_of_Energy_Efficiency_and_Renewable_Energy	8	365	7	211	1	784	15.41	540	0.0005587784	338	0.25816	739
Climate_change_policy_of_the_United_States	36	58	12	120	27	31	4615.65	75	0.0009022448	232	0.29367	191
EU_Allowances	4	615	2	437	2	673	2.86	600	0.0004846928	374	0.23376	917
Carbon_credit	52	29	38	27	28	28	9743.83	32	0.0040258566	47	0.29904	136
Deer_Commission_for_Scotland	4	615	4	308	2	673	2	609	0.0005351306	350	0.18804	992
Scotland's_Environmental_and_Rural_Services	7	406	3	358	7	275	2537.34	133	0.0006881638	286	0.21674	970
Scottish_Natural_Heritage	6	463	6	235	3	578	674.15	293	0.0006836646	288	0.231	929
Greenpeace_East_Asia	5	536	0	760	5	400	0	633	0.0001556252	867	0.28021	403
Gabriele_C._Hegerl	5	536	2	437	3	578	10.46	559	0.0001848938	676	0.26045	703
Joel_B._Smith	4	615	0	760	4	470	0	633	0.0001556252	800	0.26216	686
Program_of_Activities	6	463	4	308	3	578	20.84	529	0.0005998482	321	0.27375	500
Personal_carbon_trading	22	132	12	120	13	129	2584.78	131	0.0007831266	258	0.28396	351
United_States_House_Select_Committee_on_Energy_Independence_and_Global_Warming	6	463	2	437	4	470	12.8	548	0.0002210205	605	0.28649	294
Project_Vulcan	8	365	4	308	4	470	935.01	257	0.0004588148	388	0.24783	825
Greenhouse_gas_emissions_by_the_United_States	22	132	7	211	18	78	2076.52	148	0.0006441286	303	0.30545	71
California_Climate_Action_Registry	7	406	6	235	1	784	0.63	623	0.0005945083	325	0.26881	583
Earth's_atmosphere	23	124	23	64	0	939	0	633	0.0071552565	17	0.28421	347
Lapse_rate	3	700	2	437	2	673	27.49	508	0.0008827804	237	0.2384	891
Callendar_effect	2	786	2	437	0	939	0	633	0.0007944914	255	0.25997	711
Runaway_greenhouse_effect	11	284	4	308	9	212	1054.18	229	0.0015644189	133	0.28188	377
Kenneth_Arrow	3	700	2	437	1	784	8.39	564	0.0002943704	509	0.25889	728
Climate_Rush	2	786	1	565	2	673	7.89	567	0.0002028748	639	0.23294	922
Plane_Stupid	8	365	2	437	7	275	1353.63	199	0.0003758008	439	0.28116	386
Chicago_Climate_Action_Plan	6	463	1	565	5	400	80.86	437	0.0002069753	630	0.28453	340
Climate_change_in_the_United_Kingdom	5	536	0	760	5	400	0	633	0.0001556252	867	0.28625	301
London_Green500	3	700	1	565	2	673	6.83	582	0.0001830188	686	0.26708	628
Clathrate_gun_hypothesis	23	124	9	169	19	69	1119.25	220	0.0012566162	158	0.29246	202
Shutdown_of_thermohaline_circulation	17	185	10	153	10	186	673.68	294	0.0021583313	105	0.27383	498
Ocean_anoxia	5	536	5	262	0	939	0	633	0.0005899933	326	0.26147	693
Physical_impacts_of_climate_change	30	77	4	308	26	34	415.13	336	0.0004194033	414	0.30508	78
Snowball_Earth	21	142	13	110	11	166	572.5	305	0.0032451538	70	0.30396	84
Mother_of_Storms	2	786	2	437	1	784	0	633	0.0002636869	546	0.23581	909
Quaternary_glaciation	17	185	9	169	12	149	424.28	331	0.0026090873	85	0.30378	89
Long-term_effects_of_global_warming	15	217	6	235	9	212	95.55	424	0.000707495	280	0.29655	153
Marrakech_Accords	2	786	1	565	1	784	0	633	0.0003204847	487	0.25343	783
North_Atlantic_Deep_Water	6	463	4	308	4	470	174.66	386	0.0011465842	175	0.27888	420
Older_Dryas	5	536	4	308	2	673	0	633	0.0003102324	494	0.25842	736
Blytt-Sernander	7	406	7	211	0	939	0	633	0.0011818403	169	0.2591	723
Oldest_Dryas	6	463	4	308	3	578	713	285	0.0003454169	464	0.25889	728
George_Monbiot	26	104	21	70	8	244	2293.14	141	0.0017050778	120	0.30743	60
Plane_Mad	3	700	1	565	2	673	1872.17	162	0.0002974603	505	0.2699	566
Contrail	7	406	4	308	5	400	60.55	457	0.0014721601	142	0.26722	625
Hypermobility_(travel)	3	700	3	358	1	784	4.01	594	0.0005501506	339	0.24776	827
Earth's_energy_budget	10	302	4	308	6	331	205.33	378	0.0014393909	146	0.28204	373
Criticism_of_the_Kyoto_Protocol	14	233	1	565	13	129	1033.9	233	0.0001919966	661	0.29949	132
Rising_Tide_North_America	9	330	1	565	8	244	12.05	552	0.0001686236	728	0.28445	341
Chicago_Climate_Exchange	19	160	15	98	5	400	289.98	356	0.0011598059	173	0.27943	415
Carbon_Trade_Watch	5	536	5	262	0	939	0	633	0.0005410454	344	0.24341	852
Cap_and_Share	14	233	6	235	10	186	745.62	271	0.0004152068	417	0.28502	326
Stop_Climate_Chaos	19	160	9	169	17	85	5815.42	56	0.0005340452	352	0.28798	262
The_End_of_Nature	2	786	1	565	2	673	0	633	0.0003132505	493	0.26772	604
Local_Adaptation_Plans_of_Action	1	882	1	565	1	784	0	633	0.0004028607	426	0.20137	988
National_Adaptation_Programme_of_Action	4	615	3	358	2	673	1650	174	0.000561827	337	0.25202	798
Covenant_of_Mayors	7	406	1	565	6	331	1884.33	159	0.0001890352	664	0.27664	463
Climate_Alliance	3	700	1	565	2	673	10.17	560	0.0001833539	679	0.24826	822
European_Union_climate_and_energy_package	6	463	1	565	5	400	90.06	427	0.0001833539	678	0.2822	370
Global_change	16	201	2	437	16	94	126.48	404	0.0002444351	576	0.28974	243
Global_Carbon_Project	5	536	3	358	3	578	128	403	0.0006327926	306	0.2683	592
International_Institute_for_Applied_Systems_Analysis	4	615	2	437	3	578	11.29	555	0.0001759192	700	0.27779	439
Paul_J._Crutzen	16	201	12	120	6	331	1071.75	224	0.0033786183	66	0.27888	420
International_Human_Dimensions_Programme	4	615	1	565	4	470	0	633	0.0001690709	727	0.26997	565
Atmospheric_circulation	8	365	6	235	3	578	7.86	568	0.0005133649	360	0.26537	661
Tipping_point_(climatology)	16	201	6	235	13	129	721.01	275	0.0005007387	367	0.29298	198
Space_sunshade	11	284	8	191	4	470	857.61	265	0.0006595854	297	0.28437	346
Lowell_Wood	4	615	3	358	1	784	18.71	535	0.0004162296	416	0.24672	833
Insolation	15	217	13	110	6	331	199.91	380	0.0040994359	45	0.26544	660
List_of_U.S._states_by_carbon_dioxide_emissions	9	330	2	437	9	212	47.01	473	0.0002619847	551	0.28617	303
Emission_inventory	8	365	3	358	6	331	7.8	569	0.0002266399	591	0.28798	262
Cloud_feedback	8	365	3	358	6	331	8.83	561	0.0004482987	396	0.29059	231
Climate_change_in_Japan	8	365	2	437	7	275	735.22	272	0.001026466	195	0.30139	111
Union_of_Concerned_Scientists	20	151	15	98	7	275	2484.66	135	0.0010702785	185	0.30387	87
Cool_Earth_50	2	786	2	437	1	784	454.09	326	0.0009842058	205	0.26679	650
Carbon_sequestration_in_terrestrial_ecosystems	13	249	2	437	12	149	375.16	343	0.0004730113	380	0.28715	282
Center_for_the_Study_of_Carbon_Dioxide_and_Global_Change	6	463	5	262	2	673	85.87	435	0.0005830682	329	0.26808	599
Bio-energy_with_carbon_capture_and_storage	22	132	14	103	13	129	1304.23	205	0.002095153	107	0.29699	152
Biochar	29	85	19	77	14	117	1560.05	184	0.0024546647	94	0.30313	93
Clean_coal	25	112	8	191	20	57	1289.13	206	0.0010058837	200	0.3105	40
Carbon_audit_regime	2	786	1	565	1	784	0	633	0.000295615	508	0.24906	814
North_American_Carbon_Program	6	463	4	308	4	470	887.1	262	0.0012041267	166	0.27085	553
Removal_Units	12	263	7	211	9	212	159.97	390	0.0009835599	207	0.26425	667
Cloud_reflectivity_enhancement	1	882	0	760	1	784	0	633	0.0001556252	883	0.22618	940
Cloud_reflectivity_modification	12	263	7	211	8	244	947.6	249	0.0007690515	263	0.29212	207
Graciela_Chichilnisky	5	536	0	760	5	400	0	633	0.0001556252	867	0.2826	365
Climate_gap	3	700	0	760	3	578	0	633	0.0001556252	971	0.26902	580
Climate_change_in_the_United_States	37	54	8	191	31	21	6514.35	49	0.0010435221	188	0.30649	65
Global_Historical_Climatology_Network	5	536	3	358	2	673	32.51	497	0.0004446443	399	0.24176	867
Comparisons_of_life-cycle_greenhouse_gas_emissions	3	700	3	358	0	939	0	633	0.0004579265	390	0.24317	855
List_of_countries_by_greenhouse_gas_emissions	11	284	3	358	10	186	18.37	536	0.0003230493	485	0.29611	158
Gaia_hypothesis	18	172	7	211	13	129	1489.58	190	0.0015264408	139	0.29186	214
European_Climate_Exchange	7	406	5	262	6	331	181.89	384	0.0007739934	260	0.28372	355
REFER_–_Responsible_Energy_for_European_Regions	2	786	0	760	2	673	0	633	0.0001556252	829	0.26794	601
World_Wide_Views_on_Global_Warming	2	786	0	760	2	673	0	633	0.0001556252	829	0.25285	788
Joanna_Haigh	5	536	2	437	3	578	7.35	574	0.0002031997	635	0.25883	730
Greenhouse_debt	6	463	3	358	5	400	1484.33	192	0.0009547351	216	0.30148	108
Integrated_Carbon_Observation_System	4	615	2	437	4	470	47.57	471	0.0012816692	156	0.27107	545
Global_Atmosphere_Watch	4	615	2	437	3	578	86.52	433	0.0009298018	221	0.28244	367
Carbon_emissions_reporting	3	700	2	437	3	578	145.19	397	0.0009647004	215	0.28649	294
IPCC_list_of_greenhouse_gases	5	536	2	437	4	470	0	633	0.0008597768	242	0.27779	439
Infrared_window	4	615	1	565	4	470	0	633	0.0008551478	245	0.26961	573
Embedded_emissions	4	615	2	437	4	470	267.7	364	0.0009775455	209	0.27648	467
Climate_Stewardship_Acts	9	330	3	358	6	331	162.47	389	0.0004389928	402	0.28932	248
Climate_Change_Action_Plan_2001	11	284	4	308	10	186	702.72	288	0.0005381398	345	0.26982	569
China_Beijing_Environmental_Exchange	4	615	2	437	3	578	5.65	588	0.0002225843	601	0.24187	866
Tianjin_Climate_Exchange	5	536	2	437	4	470	64.47	452	0.0002359651	585	0.25082	805
Bali_Declaration_by_Climate_Scientists	4	615	1	565	3	578	19.21	533	0.0002634391	547	0.27904	418
Transarctica	1	882	0	760	1	784	0	633	0.0001556252	883	0.2352	914
GFDL_CM2.X	6	463	4	308	3	578	2.51	603	0.0010567585	186	0.26306	676
CCCma	4	615	3	358	2	673	7.49	572	0.0009031213	230	0.27092	550
Fossil_fuel_phase_out	10	302	9	169	1	784	1076.59	223	0.0006588691	298	0.26982	569
Low-carbon_emission	4	615	2	437	3	578	0.13	632	0.0003620712	447	0.27935	416
Climate_Change_Act_2008	25	112	12	120	17	85	4589.39	77	0.0010706702	184	0.28798	262
Energy_policy_of_Scotland	6	463	2	437	4	470	3138.61	108	0.0003308789	477	0.27748	447
Renewable_energy_in_Scotland	19	160	3	358	18	78	3154.48	107	0.000399727	427	0.30819	53
Sea_ice_emissivity_modelling	3	700	2	437	3	578	10.92	556	0.0002465805	569	0.24199	865
Sea_ice_thickness	6	463	1	565	6	331	8.81	562	0.0002279647	588	0.24484	847
Sea_ice_concentration	5	536	2	437	4	470	54.24	465	0.0002614038	553	0.271	548
Stratospheric_sulfur_aerosols_(geoengineering)	1	882	0	760	1	784	0	633	0.0001556252	883	0.23132	926
Stratospheric_sulfate_aerosols_(geoengineering)	19	160	6	235	13	129	893.07	261	0.0005073779	363	0.30075	121
RheinBlick2050	4	615	0	760	4	470	0	633	0.0001556252	800	0.28559	313
Contribution_to_global_warming_by_Australia	13	249	4	308	12	149	90.98	426	0.000221204	604	0.28907	249
Adaptation_to_global_warming_in_Australia	20	151	4	308	19	69	3163.26	106	0.0002269165	590	0.30194	106
Contraction_and_Convergence	15	217	7	211	11	166	1736.11	170	0.0005342116	351	0.29931	134
Atmospheric_sciences	10	302	7	211	4	470	71.5	446	0.0004645759	383	0.28396	351
Attorney_General_of_Virginia's_climate_science_investigation	6	463	1	565	6	331	6.62	584	0.0002824978	524	0.27166	533
Climatic_Research_Unit_email_controversy	28	93	10	153	23	40	5534.85	61	0.0005072701	364	0.29743	150
Berkeley_Earth_Surface_Temperature	9	330	4	308	9	212	283.78	359	0.0007273515	277	0.27826	431
Waste_heat	10	302	5	262	7	275	1060.92	225	0.0016126009	130	0.29126	221
Sunspot	14	233	11	137	5	400	274.1	362	0.0027117387	81	0.29462	181
Description_of_the_Medieval_Warm_Period_and_Little_Ice_Age_in_IPCC_reports	8	365	4	308	7	275	42.05	482	0.0006754864	289	0.27625	472
Northwest_Passage	9	330	5	262	4	470	286.44	358	0.0002896744	519	0.28204	373
Atlantic_Multidecadal_Oscillation	6	463	6	235	0	939	0	633	0.0014656688	143	0.26175	692
The_Day_After_Tomorrow	15	217	6	235	10	186	277.64	360	0.0005950813	324	0.28999	235
Divergence_problem	8	365	4	308	4	470	19.18	534	0.0002144042	613	0.2799	409
Dendroclimatology	9	330	6	235	5	400	85.86	436	0.001421478	148	0.28324	360
Stratospheric_sulfur_aerosols	14	233	5	262	10	186	67.12	449	0.0004365862	405	0.30724	62
Coal_Authority	1	882	0	760	1	784	0	633	0.0001556252	883	0.20638	981
Taken_By_Storm	2	786	1	565	1	784	0	633	0.0001780454	699	0.24341	852
Climate_Monitoring_and_Diagnostics_Laboratory	6	463	1	565	6	331	25.06	512	0.0002457384	570	0.24969	810
Earth_System_Research_Laboratory	7	406	5	262	6	331	6526.4	48	0.0006143297	313	0.24502	846
Nuclear_Liabilities_Fund	3	700	0	760	3	578	0	633	0.0001556252	971	0.20801	978
Nuclear_Decommissioning_Authority	3	700	3	358	1	784	936	255	0.0006983647	284	0.23846	890
Secretary_of_State_for_Energy_and_Climate_Change	6	463	6	235	1	784	364.16	344	0.0025900551	88	0.24082	871
Climate_Change_TV	3	700	2	437	1	784	0	633	0.0005897179	327	0.25311	786
Pacific_Marine_Environmental_Laboratory	2	786	1	565	2	673	0	633	0.000262985	548	0.24205	864
Environmental_crime	6	463	4	308	4	470	10847.56	28	0.0003906541	430	0.26467	663
Scottish_Environment_Protection_Agency	10	302	7	211	6	331	14607.87	19	0.0006577601	299	0.2758	477
Environmental_activism_of_Al_Gore	21	142	0	760	21	53	0	633	0.0001556252	774	0.30972	46
Save_Our_Selves	7	406	1	565	6	331	3.1	598	0.0001621475	738	0.26341	675
Climate_Reality_Project	7	406	1	565	6	331	0.39	626	0.0001621475	738	0.2771	456
Gore_Effect	6	463	2	437	5	400	99.69	419	0.0004339069	409	0.27725	454
Environmental_migrant	16	201	11	137	5	400	1059.76	226	0.0009139261	225	0.29152	219
The_Climate_Project	9	330	5	262	6	331	133.27	400	0.0004140136	419	0.28077	391
Alliance_for_Climate_Protection	19	160	12	120	12	149	3130.3	109	0.0009163682	223	0.28691	286
Rajendra_K._Pachauri	19	160	14	103	7	275	1569.64	181	0.0015539879	135	0.28857	257
Carbon_project	19	160	9	169	13	129	480.73	320	0.0009967819	203	0.29532	172
Carbon_leakage	14	233	10	153	9	212	1163.64	213	0.0012516345	159	0.28584	309
Single_European_Sky	1	882	1	565	0	939	0	633	0.0003204847	487	0.22485	946
Supplementarity	6	463	2	437	5	400	0	633	0.0004470278	398	0.2563	756
John_T._Houghton	12	263	6	235	9	212	3094.25	110	0.0009472276	217	0.26852	588
Richard_Cizik	3	700	1	565	2	673	958.6	244	0.0002482549	566	0.26758	607
Friends_of_the_Earth	35	62	31	43	5	400	8344.63	36	0.0033461969	67	0.27218	524
IPCC_supplementary_report,_1992	10	302	0	760	10	186	0	633	0.0001556252	772	0.28518	319
Precautionary_principle	9	330	6	235	3	578	223.07	373	0.0009395812	220	0.28085	389
IPCC_First_Assessment_Report	13	249	4	308	9	212	486.84	318	0.0005450461	343	0.28625	301
Campaign_against_Climate_Change	10	302	6	235	7	275	149.65	394	0.0004087636	423	0.28469	335
United_Kingdom_Climate_Change_Programme	16	201	8	191	14	117	840.03	266	0.0007066938	281	0.28124	384
Global_warming_conspiracy_theory	18	172	5	262	16	94	385.84	340	0.0003449352	465	0.30112	115
Cooler_Heads_Coalition	5	536	3	358	3	578	188.35	383	0.0002587667	557	0.24838	820
Merchants_of_Doubt	23	124	17	87	13	129	3703.95	92	0.0010400958	190	0.27803	436
Climate_change_denial	37	54	20	75	24	36	4937.01	71	0.0008882573	234	0.30992	44
Renewable_Energy_Certificate_(United_States)	9	330	3	358	9	212	3075.1	114	0.0005381197	346	0.26432	666
Renewable_Energy_Payments	1	882	1	565	1	784	0	633	0.0002082481	624	0.20915	975
Solar_renewable_energy_certificate	1	882	1	565	0	939	0	633	0.0002082481	624	0.20915	975
Climate_change_feedback	27	102	7	211	23	40	401.21	337	0.0007735947	261	0.28732	279
Renewable_Energy_Sources_and_Climate_Change_Mitigation	9	330	5	262	7	275	2002.31	153	0.0009751751	210	0.28316	362
IPCC_Summary_for_Policymakers	6	463	2	437	4	470	463.3	323	0.0008569287	244	0.25943	716
IPCC_Fifth_Assessment_Report	8	365	2	437	7	275	987.16	238	0.000343876	467	0.28798	262
ETSWAP	1	882	0	760	1	784	0	633	0.0001556252	883	0.22485	946
Carbon_Neutral_Protocol	6	463	1	565	5	400	977.75	240	0.0002692101	539	0.25577	758
Forum_for_the_Future	1	882	1	565	0	939	0	633	0.0002030123	638	0.20376	987
Ecosystem_Marketplace	5	536	2	437	4	470	56.31	461	0.0002926725	510	0.27315	510
Voluntary_Carbon_Standard	8	365	7	211	3	578	129.58	402	0.0006117092	316	0.2446	850
Carbon_rationing	1	882	0	760	1	784	0	633	0.0001556252	883	0.22126	963
Freedom_of_Information_requests_to_the_Climatic_Research_Unit	6	463	1	565	6	331	398.04	338	0.0001750363	707	0.26093	699
Climate_Outreach_and_Information_Network	2	786	1	565	1	784	0	633	0.0001832734	683	0.26939	577
Pier_Vellinga	5	536	1	565	5	400	7.41	573	0.0002104844	619	0.28324	360
David_Keith_(scientist)	4	615	2	437	2	673	5.57	589	0.0002079032	626	0.25006	809
Greenbelt_Alliance	2	786	0	760	2	673	0	633	0.0001556252	829	0.28445	341
Cool_roof	7	406	4	308	4	470	43.38	479	0.0006087978	317	0.28013	404
Asilomar_International_Conference_on_Climate_Intervention_Technologies	4	615	1	565	4	470	50.78	467	0.0002808594	526	0.24783	825
Weather_modification	5	536	3	358	3	578	22.52	521	0.0003253868	483	0.27233	522
ETC_Group	5	536	2	437	4	470	66.79	450	0.0003389863	471	0.27166	533
Five_Ways_to_Save_the_World	9	330	2	437	8	244	38.59	490	0.0002924112	513	0.28991	239
Individual_action_on_climate_change	11	284	0	760	11	166	0	633	0.0001556252	763	0.25809	740
Climate_change_mitigation_scenarios	29	85	8	191	22	48	3305.95	103	0.0008685922	240	0.31382	29
The_Great_Warming	8	365	2	437	6	331	79.09	439	0.000236388	583	0.2781	434
Chinese_national_carbon_trading_scheme	4	615	1	565	3	578	6.89	581	0.0001706654	716	0.24764	828
Climate_change_in_Australia	29	85	5	262	28	28	5492.61	64	0.0004279362	411	0.30084	119
The_Climate_Group	9	330	2	437	7	275	122.36	407	0.0002033183	634	0.28413	349
Ross_Garnaut	12	263	8	191	5	400	440.24	329	0.001011079	198	0.27982	411
Climate_Code_Red:_The_Case_for_Emergency_Action	6	463	3	358	3	578	47.16	472	0.0001962673	650	0.28633	300
Australian_Greenhouse_Office	3	700	2	437	2	673	299.05	355	0.0001949485	654	0.26982	569
Say_Yes_demonstrations	4	615	1	565	3	578	1.74	610	0.0001690764	725	0.27787	438
Beyond_Zero_Emissions	13	249	1	565	13	129	74.13	442	0.0001690764	724	0.29195	210
Climate_Action_Network	9	330	5	262	4	470	519.72	311	0.0004369202	404	0.27888	420
Climate_Institute_of_Australia	5	536	1	565	5	400	6.18	585	0.0001690764	726	0.26216	686
I_Count	7	406	2	437	6	331	106.96	414	0.0002370405	582	0.2739	493
Carbon_budget	4	615	4	308	0	939	0	633	0.0004445381	400	0.22706	939
Ecology_Center_(Berkeley)	1	882	0	760	1	784	0	633	0.0001556252	883	0.26758	607
Joseph_J._Romm	21	142	14	103	8	244	3439.33	99	0.0016861987	124	0.29567	166
Global_Change_Research_Act_of_1990	6	463	2	437	5	400	1109.76	221	0.0005631693	336	0.27174	532
Klaus_Lackner	7	406	4	308	4	470	66.25	451	0.0005223817	355	0.27375	500
One-Tonne_Challenge	2	786	0	760	2	673	0	633	0.0001556252	829	0.27323	509
Emissions_Reduction_Currency_System	14	233	4	308	11	166	274.77	361	0.000431652	410	0.28526	318
Cap_and_dividend	7	406	3	358	5	400	942.51	251	0.0003313331	476	0.27413	491
Climate_change_in_Finland	5	536	0	760	5	400	0	633	0.0001556252	867	0.28316	362
Timeline_of_glaciation	7	406	3	358	5	400	0.31	628	0.0004847627	372	0.25977	713
Early_anthropocene	4	615	2	437	2	673	0	633	0.0004752406	377	0.27733	452
Greg_Craven_(teacher)	1	882	0	760	1	784	0	633	0.0001556252	883	0.26758	607
Climate_Change_Response_(Emissions_Trading)_Amendment_Act_2008	13	249	5	262	11	166	1145.12	216	0.0003565214	453	0.27741	451
Assigned_amount_units	17	185	11	137	11	166	221.95	374	0.0012411704	160	0.26348	673
Climate_Change_Response_Act_2002	9	330	5	262	7	275	2441.61	136	0.0003861287	432	0.2646	664
Climate_Change_and_Sustainable_Energy_Act_2006	5	536	3	358	4	470	58.82	458	0.0004127712	420	0.26931	578
Energy_policy_of_the_United_Kingdom	33	68	12	120	27	31	19129.26	13	0.0048509059	32	0.31234	32
Climate_change_in_New_York_City	5	536	0	760	5	400	0	633	0.0001556252	867	0.28617	303
Climate_change_in_Washington	24	117	1	565	23	40	105.06	416	0.0001830188	684	0.30705	63
Climate_change_in_Wyoming	8	365	1	565	7	275	23.69	516	0.0001830188	684	0.26672	651
Climate_change_in_California	12	263	2	437	11	166	144.59	398	0.0002341713	586	0.29126	221
Nuclear_Information_and_Resource_Service	1	882	0	760	1	784	0	633	0.0001556252	883	0.26758	607
Emission_standards	4	615	4	308	0	939	0	633	0.0002998088	504	0.26038	705
Freon	5	536	5	262	0	939	0	633	0.0009026505	231	0.2623	685
Climate_Action_Plan	7	406	2	437	5	400	1916.98	158	0.0002917248	514	0.27564	479
CoalSwarm	1	882	0	760	1	784	0	633	0.0001556252	883	0.2283	937
Climate_Vulnerable_Forum	10	302	5	262	8	244	546.7	307	0.0005187926	359	0.29832	142
Climate_Vulnerability_Monitor	7	406	3	358	5	400	106.17	415	0.0003701326	444	0.2724	521
Tarawa_Climate_Change_Conference	7	406	3	358	7	275	55.4	463	0.0003527759	459	0.26815	595
The_Carbon_Neutral_Company	8	365	1	565	7	275	62.56	454	0.0001708438	713	0.28782	269
Regional_climate_change_initiatives_in_the_United_States	3	700	0	760	3	578	0	633	0.0001556252	971	0.23235	924
Fee_and_dividend	3	700	1	565	2	673	0	633	0.0002139473	614	0.25486	772
Pacific_decadal_oscillation	14	233	11	137	4	470	915.81	259	0.0027437045	80	0.28461	338
Green_New_Deal	8	365	2	437	6	331	377.01	341	0.000291318	517	0.27694	457
Air_Resources_Laboratory	4	615	2	437	4	470	50.19	468	0.0003530982	458	0.27122	543
Aeronomy_Laboratory	1	882	1	565	1	784	0	633	0.0002457384	571	0.19688	990
CDM_Gold_Standard	11	284	5	262	7	275	88.42	431	0.0006733229	290	0.27166	533
Climate_change_in_Africa	2	786	0	760	2	673	0	633	0.0001556252	829	0.26881	583
Regional_effects_of_global_warming	26	104	6	235	20	57	7557.64	42	0.0004846987	373	0.29958	131
Climate_change_in_Massachusetts	3	700	0	760	3	578	0	633	0.0001556252	971	0.28478	329
Bali_Communiqué	8	365	2	437	7	275	68.22	448	0.0002680681	541	0.30075	121
Power_Shift	17	185	5	262	15	105	507.74	315	0.0004119042	422	0.28252	366
Climate_change_in_Belgium	4	615	0	760	4	470	0	633	0.0001556252	800	0.28691	286
Carbon_dioxide_flooding	1	882	0	760	1	784	0	633	0.0001556252	883	0.26693	632
International_Network_for_Sustainable_Energy	4	615	3	358	2	673	28.65	503	0.0002615027	552	0.24894	816
INFORSE-Europe	6	463	2	437	6	331	58.75	459	0.0003059954	498	0.26127	695
Global_Warming_Solutions_Act_of_2006	19	160	9	169	10	186	363	345	0.0007413997	271	0.2977	146
Requiem_for_a_Species	18	172	12	120	10	186	2122.53	146	0.0006129658	314	0.29161	216
Michael_Oppenheimer	5	536	5	262	0	939	0	633	0.0003026881	501	0.23829	892
Why_We_Disagree_About_Climate_Change	9	330	3	358	7	275	23.89	515	0.0002746448	537	0.28116	386
Carbon_emissions	1	882	0	760	1	784	0	633	0.0001556252	883	0.26672	651
Holocene_climatic_optimum	15	217	9	169	9	212	1868.4	163	0.0026647702	83	0.27519	483
Global_Warming_Policy_Foundation	8	365	2	437	8	244	48.06	470	0.0002381206	581	0.29109	226
Global_Change_Master_Directory	4	615	1	565	3	578	0	633	0.0001602542	755	0.28029	401
Whole_Earth_Discipline	7	406	0	760	7	275	0	633	0.0001556252	763	0.28983	241
Kevin_E._Trenberth	17	185	12	120	5	400	486.02	319	0.0006918516	285	0.26355	672
The_Revenge_of_Gaia	3	700	3	358	0	939	0	633	0.0003166661	491	0.23354	918
Eaarth	2	786	0	760	2	673	0	633	0.0001556252	829	0.23393	916
Energy_and_Climate_Change_Select_Committee	1	882	0	760	1	784	0	633	0.0001556252	883	0.20638	981
Climate_governance	17	185	1	565	16	94	87.38	432	0.0001602542	740	0.30517	76
Large_Cities_Climate_Leadership_Group	8	365	3	358	7	275	2886.23	118	0.0002657271	543	0.27849	427
World_Climate_Conference	8	365	4	308	4	470	455.16	325	0.0004947468	370	0.29515	175
Carbon_accounting	11	284	7	211	6	331	228.02	371	0.0008346427	247	0.27818	433
PopOffsets	3	700	0	760	3	578	0	633	0.0001556252	971	0.27656	465
The_Republican_War_on_Science	7	406	6	235	3	578	261.22	366	0.0003838664	433	0.28148	382
Ian_Lowe	5	536	4	308	3	578	2664.27	129	0.000883119	236	0.24727	830
A_Big_Fix	3	700	3	358	1	784	0	633	0.0005477298	341	0.2166	971
Living_in_the_Hothouse:_How_Global_Warming_Affects_Australia	5	536	2	437	4	470	421.75	332	0.0004489485	395	0.2699	566
Food_security	5	536	0	760	5	400	0	633	0.0001556252	867	0.27618	474
Mauna_Loa	4	615	2	437	2	673	1	616	0.0001696463	719	0.27687	459
Greenhouse_gas_accounting	5	536	3	358	3	578	24.52	513	0.0003396777	470	0.28372	355
Climate_debt	5	536	2	437	3	578	110.99	410	0.0004279298	412	0.24913	813
No_Pressure_(film)	7	406	0	760	7	275	0	633	0.0001556252	763	0.27564	479
CleanCOALition	2	786	0	760	2	673	0	633	0.0001556252	829	0.22097	964
Urban_thermal_plume	2	786	1	565	2	673	0	633	0.0003750094	440	0.26736	623
Storms_of_My_Grandchildren	18	172	10	153	10	186	3080.39	113	0.0006704875	293	0.28204	373
John_A._Church	2	786	1	565	1	784	0	633	0.0005059339	366	0.22374	951
Carbon_Governance_in_England	9	330	0	760	9	212	0	633	0.0001556252	800	0.27308	511
Carbon_Emission_Reduction_Target	4	615	3	358	3	578	228.14	370	0.000536146	348	0.2407	872
Carbon_Trust	12	263	9	169	3	578	159.49	391	0.0009874846	204	0.26147	693
United_States_federal_register_of_greenhouse_gas_emissions	8	365	2	437	7	275	24.4	514	0.0001922549	660	0.28188	377
Daisyworld	4	615	2	437	4	470	28.01	506	0.0012390925	161	0.24709	831
Cool_tropics_paradox	2	786	1	565	1	784	0	633	0.0001602542	742	0.25789	744
Norwegian-U.S._Scientific_Traverse_of_East_Antarctica	1	882	0	760	1	784	0	633	0.0001556252	883	0.26758	607
King_Review	1	882	0	760	1	784	0	633	0.0001556252	883	0.23614	908
Global_warming_potential	1	882	0	760	1	784	0	633	0.0001556252	883	0.23783	896
Office_of_Global_Programs	1	882	1	565	1	784	0	633	0.000262985	548	0.22389	949
Great_Lakes_Environmental_Research_Laboratory	1	882	1	565	1	784	0	633	0.000262985	548	0.22389	949
Biosequestration	37	54	10	153	31	21	2741.06	123	0.0011026292	178	0.30639	66
David_Suzuki_Foundation	5	536	3	358	2	673	97.63	422	0.000353139	457	0.27625	472
Polar_amplification	6	463	4	308	2	673	23.66	517	0.0004210853	413	0.26202	689
Piers_Forster	5	536	1	565	4	470	7.15	578	0.0001624736	737	0.2612	697
Cloud_formation_and_climate_change	3	700	1	565	2	673	41.01	483	0.000191374	662	0.26815	595
Climate_change_policy_of_the_George_W._Bush_administration	7	406	0	760	7	275	0	633	0.0001556252	763	0.25977	713
Global_Climate_Coalition	10	302	5	262	7	275	166.08	388	0.0004622019	385	0.30295	95
Icecap_(blog)	6	463	0	760	6	331	0	633	0.0001556252	774	0.28478	329
Antarctica_cooling_controversy	8	365	2	437	6	331	458.43	324	0.0003455554	463	0.29195	210
Ecoflation	2	786	2	437	1	784	936.15	254	0.0005188796	358	0.23294	922
Economic_impacts_of_climate_change	6	463	1	565	6	331	714.15	281	0.0006122977	315	0.28691	286
The_Dirty_Energy_Dilemma	5	536	1	565	4	470	16.75	538	0.0001784532	694	0.25499	767
Johannesburg_Renewable_Energy_Coalition	1	882	0	760	1	784	0	633	0.0001556252	883	0.24666	835
Glacial_earthquake	3	700	1	565	2	673	0.67	621	0.0001650173	735	0.27159	538
Climate_change_scenario	7	406	2	437	5	400	10.73	557	0.0001844209	677	0.28749	275
Agricultural_emissions_research_levy	5	536	2	437	5	400	1.24	613	0.0002207735	606	0.27435	489
Pastoral_Greenhouse_Gas_Research_Consortium	4	615	2	437	4	470	0	633	0.0002128104	616	0.2739	493
Livestock_Emissions_and_Abatement_Research_Network	1	882	1	565	1	784	0	633	0.0001739493	710	0.23693	901
Antarctic_oscillation	5	536	4	308	3	578	0	633	0.0009997648	201	0.26018	707
Energy_Saving_Trust	9	330	7	211	3	578	911.65	260	0.0010275926	193	0.27526	482
Committee_on_Climate_Change	6	463	3	358	5	400	88.5	430	0.0003863089	431	0.25025	808
Planning_Act_2008	3	700	1	565	2	673	15.09	542	0.0002110552	618	0.24059	873
Climate_Justice_Now!	8	365	5	262	4	470	89.28	428	0.0007934995	256	0.25558	762
Climate_justice	16	201	11	137	8	244	1864.7	164	0.0015158393	140	0.28124	384
Land_use,_land-use_change_and_forestry	11	284	8	191	3	578	94.72	425	0.000653318	300	0.28957	244
Meridional_overturning_circulation	4	615	3	358	1	784	2.39	606	0.0013854315	151	0.28069	394
Energy_Task_Force	1	882	0	760	1	784	0	633	0.0001556252	883	0.2224	956
The_Contingency_Plan	2	786	1	565	1	784	0	633	0.0002054782	632	0.26722	625
Walter_Cunningham	1	882	0	760	1	784	0	633	0.0001556252	883	0.22023	965
The_Heartland_Institute	16	201	9	169	9	212	2685.69	127	0.0006314275	307	0.28228	368
The_Weather_of_the_Future	10	302	2	437	9	212	73.04	444	0.0002446296	574	0.27966	413
The_Weather_Makers	7	406	2	437	7	275	31.01	499	0.0002385581	580	0.28641	297
Civil_Nuclear_Police_Authority	2	786	1	565	2	673	0.5	624	0.0002779301	532	0.19423	991
Civil_Nuclear_Constabulary	2	786	1	565	2	673	357.5	348	0.0002779301	532	0.20646	979
Avoiding_Mass_Extinctions_Engine	3	700	1	565	2	673	4.08	593	0.0002407785	579	0.28212	372
European_Climate_Foundation	4	615	0	760	4	470	0	633	0.0001556252	800	0.28957	244
Anthropogenic_global_warming	1	882	0	760	1	784	0	633	0.0001556252	883	0.26693	632
Adaptability	2	786	1	565	1	784	975.96	241	0.0009111981	226	0.22572	943
Resilience_(ecology)	5	536	2	437	3	578	1467.36	194	0.0011791532	171	0.27041	554
Parameterization	2	786	2	437	0	939	0	633	0.0001936933	657	0.25796	743
Ice_sheet_dynamics	5	536	5	262	0	939	0	633	0.0007887673	257	0.26369	669
Gary_Yohe	7	406	4	308	6	331	73.31	443	0.0006287396	308	0.26608	659
Special_Report_on_Emissions_Scenarios	17	185	5	262	14	117	1132.12	219	0.0012828507	155	0.30148	108
Verified_Carbon_Standard	5	536	1	565	4	470	6.72	583	0.0001708438	714	0.23949	882
CarbonFix_Standard	5	536	3	358	3	578	132.31	401	0.0005500696	340	0.24807	824
Richard_G._Richels	4	615	1	565	3	578	1.66	611	0.0002104844	620	0.27849	427
An_Inconvenient_Book	4	615	1	565	3	578	0.22	629	0.0001602542	755	0.27998	406
Total_equivalent_warming_impact	2	786	1	565	2	673	21.35	528	0.0006503892	301	0.26881	583
Hydrological_geoengineering	1	882	0	760	1	784	0	633	0.0001556252	883	0.24539	844
Clean_coal_technology	19	160	8	191	11	166	601.86	299	0.0006432217	304	0.3003	128
Forests_Now_Declaration	6	463	2	437	6	331	142.62	399	0.0004584263	389	0.26271	679
German_Climate_Consortium	1	882	0	760	1	784	0	633	0.0001556252	883	0.20612	985
Debate_over_China's_economic_responsibilities_for_climate_change_mitigation	14	233	2	437	13	129	3221.64	105	0.0002871769	522	0.28699	285
Ambo_Declaration	4	615	2	437	4	470	0	633	0.0002787281	529	0.2495	811
Green_Climate_Fund	14	233	5	262	10	186	830.18	267	0.0006188338	311	0.27958	414
Carbon_shifting	7	406	1	565	7	275	22.34	523	0.0002780229	531	0.25434	775
Minister_for_Environment_and_Climate_Change	2	786	1	565	1	784	0	633	0.0001833283	680	0.17829	995
Scottish_Executive_Environment_and_Rural_Affairs_Department	7	406	3	358	6	331	4759.68	73	0.0004411616	401	0.21679	968
Energy_and_Environmental_Security_Initiative	2	786	0	760	2	673	0	633	0.0001556252	829	0.25189	799
Checkerspot_(magazine)	3	700	0	760	3	578	0	633	0.0001556252	971	0.28641	297
David_Reay	7	406	1	565	6	331	7.04	580	0.0001750363	707	0.29195	210
Solar_Cookers_International	0	998	0	760	0	939	0	633	0.0001556252	883	0.001	998
A_Green_New_Deal	6	463	0	760	6	331	0	633	0.0001556252	774	0.28037	397
Biorecro	8	365	4	308	7	275	30.67	500	0.0005773223	332	0.25145	802
Tyndall_Centre	13	249	9	169	4	470	954.63	248	0.0010308072	192	0.28518	319
Permafrost_carbon_cycle	6	463	2	437	5	400	22.5	522	0.0008039834	252	0.27012	561
Iris_hypothesis	4	615	3	358	2	673	0	633	0.0004140939	418	0.27092	550
John_Weyant	3	700	0	760	3	578	0	633	0.0001556252	971	0.27353	505
Global_Cool	1	882	0	760	1	784	0	633	0.0001556252	883	0.26758	607
Scientific_skepticism	3	700	3	358	0	939	0	633	0.000229714	587	0.26011	708
Energy_Autonomy	1	882	1	565	0	939	0	633	0.0001602542	742	0.25769	745
Thermocline	5	536	3	358	2	673	1.21	614	0.0002572946	559	0.26182	691
Earthshine	2	786	2	437	0	939	0	633	0.0001696463	720	0.25943	716
Effects_of_climate_change_on_humans	15	217	2	437	13	129	2525.11	134	0.0002972219	506	0.30424	82
East_Antarctic_Ice_Sheet	5	536	3	358	3	578	97.4	423	0.0008298908	248	0.27857	426
International_Conference_on_Climate_Change	8	365	2	437	7	275	1055.59	228	0.0001928278	658	0.286	307
Hell_and_High_Water_(book)	17	185	1	565	16	94	44.82	476	0.0001602542	740	0.30982	45
World_Climate_Report	5	536	3	358	3	578	1015.06	235	0.0003412812	468	0.27248	519
Climate_cycle	2	786	2	437	0	939	0	633	0.0001663848	731	0.25903	724
Holocene_Climatic_Optimum	6	463	5	262	1	784	7.3	576	0.0005323902	354	0.26127	695
Climate_change_in_popular_culture	14	233	2	437	13	129	975.71	242	0.0002216818	602	0.30267	99
Retreat_of_glaciers_since_1850	17	185	8	191	11	166	337.3	349	0.0012767504	157	0.30545	71
Quasi-biennial_oscillation	1	882	1	565	0	939	0	633	0.0001602542	742	0.25769	745
Broad_Spectrum_Revolution	1	882	1	565	0	939	0	633	0.0001602542	742	0.25769	745
Climate_Investment_Funds	5	536	2	437	4	470	1027.45	234	0.0010070128	199	0.2739	493
Stratospheric_Particle_Injection_for_Climate_Engineering	5	536	2	437	4	470	7.59	571	0.0002641794	545	0.26348	673
Heiligendamm_Process	2	786	2	437	0	939	0	633	0.0001696463	720	0.25943	716
EarthLab	5	536	1	565	4	470	23.66	518	0.0001602542	742	0.29367	191
Energie-Cités	1	882	1	565	0	939	0	633	0.0001602542	742	0.25769	745
TEX-86	2	786	2	437	0	939	0	633	0.0001696463	720	0.25943	716
Planetary_engineering	3	700	1	565	2	673	0.48	625	0.0001602542	755	0.28053	395
Ecological_Forecasting	1	882	1	565	0	939	0	633	0.0001602542	742	0.25769	745
Eco-efficiency	2	786	2	437	0	939	0	633	0.0001696463	720	0.25943	716
1500-Year_climate_cycle	2	786	2	437	0	939	0	633	0.0004735406	379	0.25883	730
Climate_risk_management	4	615	1	565	3	578	0.78	618	0.0001602542	755	0.28674	291
Sahara_pump_theory	5	536	1	565	4	470	0	633	0.0001602542	742	0.26299	677
World_climate_research_programme	2	786	2	437	0	939	0	633	0.00019227	659	0.25802	741
Magnetosphere	3	700	3	358	0	939	0	633	0.0003265592	482	0.26004	709
Earth_Hour	5	536	1	565	4	470	0	633	0.0001602542	742	0.29445	183
List_of_proposed_geoengineering_projects	3	700	3	358	0	939	0	633	0.0001912482	663	0.26045	703
Antarctic_Cold_Reversal	7	406	4	308	3	578	11.41	554	0.0006717884	292	0.26362	671
Greenhouse_and_Icehouse_Earth	1	882	1	565	0	939	0	633	0.0001602542	742	0.25769	745
Climate_change_acronyms	10	302	2	437	8	244	17.64	537	0.0001696463	718	0.28372	355
Solar_Radiation_Management	2	786	1	565	1	784	0.2	630	0.0001602542	742	0.25863	734
Table_of_Historic_and_Prehistoric_Climate_Indicators	1	882	1	565	0	939	0	633	0.0001602542	742	0.25769	745
Paleoclimate_Modelling_Intercomparison_Project	3	700	1	565	2	673	0	633	0.0001602542	755	0.28037	397
Climate_change_in_Sweden	7	406	1	565	6	331	61.18	455	0.0002009494	642	0.28543	315
Hans_Joachim_Schellnhuber	6	463	3	358	4	470	359.58	346	0.0003036176	500	0.27641	468
William_Nordhaus	9	330	6	235	5	400	579.11	302	0.0005197975	357	0.29229	205
Nathan_Myhrvold	6	463	3	358	4	470	38.6	489	0.0002875885	521	0.28765	271
Intellectual_Ventures	5	536	2	437	4	470	14.57	544	0.00027812	530	0.271	548
Climate_change_in_Canada	15	217	4	308	13	129	1578.83	178	0.0007673895	265	0.29558	168
Steve_Rayner	9	330	3	358	7	275	1984.51	155	0.0002892806	520	0.27503	486
The_Hype_about_Hydrogen	7	406	3	358	5	400	11.66	553	0.0003585064	449	0.28461	338
Climate_Adaptation_Knowledge_Exchange	1	882	0	760	1	784	0	633	0.0001556252	883	0.2392	885
The_Green_Deal	6	463	4	308	5	400	303.72	354	0.0006355906	305	0.249	815
Friends_of_the_Earth_Europe	8	365	3	358	6	331	3778.56	90	0.0009681167	211	0.24617	841
Milieudefensie	4	615	2	437	4	470	304.47	353	0.0008866397	235	0.273	512
Climate_Disclosure_Standards_Board	1	882	0	760	1	784	0	633	0.0001556252	883	0.26758	607
Climate_Justice_Action	5	536	3	358	4	470	15.98	539	0.0005474935	342	0.27293	513
Klimaforum09	2	786	1	565	1	784	0	633	0.0002915416	515	0.23984	877
Copenhagen_Climate_Challenge	1	882	1	565	1	784	0	633	0.0002915416	515	0.23716	898
Greenpeace_Aotearoa_New_Zealand	6	463	3	358	3	578	108.65	413	0.0005870049	328	0.2799	409
Interdecadal_Pacific_Oscillation	1	882	0	760	1	784	0	633	0.0001556252	883	0.22165	961
Coal_phase_out	1	882	0	760	1	784	0	633	0.0001556252	883	0.22314	954
Fossil-fuel_phase-out	13	249	2	437	11	166	1570.59	180	0.0008724718	239	0.28707	284
The_Island_President	1	882	0	760	1	784	0	633	0.0001556252	883	0.26758	607
UAH_satellite_temperature_dataset	4	615	1	565	4	470	12.59	549	0.0002242832	594	0.25703	753
High_Level_Advisory_Group_on_Climate_Financing	4	615	1	565	4	470	223.69	372	0.000608068	318	0.25499	767
Reasons_for_concern	6	463	2	437	4	470	71.31	447	0.0007325253	276	0.29401	187
ACEA_agreement	3	700	1	565	2	673	26.82	510	0.0002179992	610	0.26744	621
Community_Energy_Scotland	1	882	1	565	1	784	0	633	0.0001751699	705	0.2357	910
Climate_change_in_Scotland	9	330	1	565	9	212	44.07	477	0.0001751699	704	0.29761	148
List_of_carbon_accounting_software	7	406	0	760	7	275	0	633	0.0001556252	763	0.26251	682
CBM-CFS3	3	700	1	565	2	673	0	633	0.000175192	703	0.25363	781
FirstCarbon_Solutions	7	406	1	565	6	331	43.57	478	0.000175192	702	0.25324	784
Climate_change_in_China	20	151	3	358	18	78	3253.44	104	0.0003076001	496	0.30203	105
Global_Warming:_The_Signs_and_The_Science	1	882	0	760	1	784	0	633	0.0001556252	883	0.26693	632
Climate_Capitalism	7	406	1	565	7	275	7.33	575	0.0002260407	592	0.29093	228
Media_coverage_of_climate_change	28	93	4	308	27	31	1002.1	236	0.000321248	486	0.30791	57
Pete_Gray_(activist)	2	786	0	760	2	673	0	633	0.0001556252	829	0.27211	526
Ocean_planet	3	700	1	565	2	673	0	633	0.0001650173	735	0.25421	776
Frank_Ackerman	4	615	3	358	1	784	5.89	587	0.0002511465	565	0.27203	528
Aviation_and_the_environment	1	882	0	760	1	784	0	633	0.0001556252	883	0.23926	883
Young_Friends_of_the_Earth	7	406	1	565	7	275	37.35	492	0.0002258797	593	0.25571	759
Committee_on_Climate_Change_Science_and_Technology_Integration	3	700	2	437	2	673	39.81	488	0.0003332851	475	0.26823	594
Surveys_of_scientists'_views_on_climate_change	5	536	1	565	4	470	1.26	612	0.0002272099	589	0.24617	841
Paul_Hudson	1	882	0	760	1	784	0	633	0.0001556252	883	0.26758	607
Asia-Pacific_Emissions_Trading_Forum	15	217	2	437	15	105	488.08	317	0.0003089337	495	0.28494	328
Seawater_greenhouse	3	700	1	565	2	673	4.81	591	0.0001750674	706	0.25266	791
Face_Foundation	1	882	1	565	1	784	0	633	0.0002452854	572	0.23559	912
FERN	4	615	4	308	1	784	936	255	0.0007342793	275	0.25164	800
Carbon_retirement	2	786	1	565	1	784	0	633	0.0002452854	572	0.238	895
Citizens_for_Pennsylvania's_Future	1	882	0	760	1	784	0	633	0.0001556252	883	0.23749	897
Joseph_Stiglitz	5	536	4	308	2	673	155.33	392	0.0011807864	170	0.26052	702
G8_Climate_Change_Roundtable	6	463	3	358	4	470	63.08	453	0.000344553	466	0.28798	262
Sustainable_retreat	3	700	1	565	3	578	14.77	543	0.0003236801	484	0.26801	600
Climit	1	882	1	565	1	784	0	633	0.0002216005	603	0.22324	953
Gassnova	6	463	2	437	5	400	1651.12	173	0.0003748116	442	0.28724	281
New_Energy_for_America	5	536	1	565	4	470	2.58	602	0.0001850355	674	0.2758	477
World_Climate_Change_Conference,_Moscow	2	786	0	760	2	673	0	633	0.0001556252	829	0.25525	765
Oregon_Petition	9	330	3	358	7	275	175.48	385	0.0002750021	536	0.25113	803
Oregon_Institute_of_Science_and_Medicine	2	786	2	437	0	939	0	633	0.0002227749	599	0.23693	901
David_Wratt	7	406	3	358	5	400	1741.58	169	0.0002444617	575	0.25937	721
The_Greenhouse_Conspiracy	2	786	1	565	1	784	0	633	0.0001954928	652	0.26751	620
TerraPass	3	700	1	565	2	673	1.1	615	0.0001830188	686	0.24857	817
Stephen_Salter	4	615	3	358	2	673	0	633	0.0003557088	455	0.24666	835
Current_sea_level_rise	18	172	5	262	14	117	2671.92	128	0.0055723812	28	0.27756	444
Global_warming_period	1	882	0	760	1	784	0	633	0.0001556252	883	0.26693	632
International_Carbon_Action_Partnership	7	406	3	358	5	400	20.82	530	0.0004710818	381	0.2739	493
Hurricane_Katrina_and_global_warming	5	536	1	565	5	400	7.06	579	0.0001852516	672	0.27129	542
Clean_Energy_Finance_Corporation	4	615	0	760	4	470	0	633	0.0001556252	800	0.25324	784
The_Discovery_of_Global_Warming	4	615	2	437	2	673	21.51	526	0.0007567397	268	0.25822	738
Soon_and_Baliunas_controversy	18	172	1	565	17	85	29.29	501	0.0001780454	698	0.29646	155
Climatic_Research_Unit_documents	16	201	1	565	15	105	220.57	376	0.0002099519	622	0.28551	314
Myles_Allen	7	406	3	358	4	470	26.49	511	0.0002155185	612	0.28077	391
Global_Climate_Network	3	700	1	565	2	673	0	633	0.0002239364	597	0.27748	447
Effects_of_global_warming_on_India	1	882	0	760	1	784	0	633	0.0001556252	883	0.23052	931
Peat_energy_in_Finland	2	786	0	760	2	673	0	633	0.0001556252	829	0.26982	569
Season_creep	3	700	1	565	3	578	0	633	0.0002673275	542	0.28478	329
Everything's_Cool_(film)	1	882	0	760	1	784	0	633	0.0001556252	883	0.26693	632
The_London_Accord	5	536	0	760	5	400	0	633	0.0001556252	867	0.28132	383
Voluntary_Emissions_Reduction	7	406	2	437	6	331	28.79	502	0.0004621098	387	0.25802	741
Open_Polar_Sea	3	700	0	760	3	578	0	633	0.0001556252	971	0.23116	928
2012_United_Nations_Climate_Change_Conference	2	786	0	760	2	673	0	633	0.0001556252	829	0.24813	823
Christopher_McKay_(planetary_scientist)	1	882	1	565	0	939	0	633	0.000167177	730	0.20806	977
John_D._Hamaker	25	112	1	565	24	36	147.57	395	0.000167177	729	0.30121	113
World_Ocean_Conference	3	700	0	760	3	578	0	633	0.0001556252	971	0.27633	471
Danish_Organisation_for_Renewable_Energy	5	536	1	565	5	400	0	633	0.0002005103	643	0.25298	787
Emissions_Trading_Scheme_Review_Committee	6	463	1	565	6	331	241.72	369	0.0002003399	644	0.24844	818
Pembina_Institute	3	700	1	565	2	673	0.75	619	0.0002075782	627	0.27107	545
Pacific_Environment	2	786	0	760	2	673	0	633	0.0001556252	829	0.27166	533
Climate_change_in_Nevada	5	536	1	565	4	470	717	276	0.0002925929	512	0.25869	733
Sierra_Nevada_Alliance	2	786	1	565	1	784	27.73	507	0.0002200039	609	0.26815	595
China_Carbon_Forum	3	700	2	437	3	578	661.46	295	0.0003389	472	0.27263	518
Mobile_emission_reduction_credit	14	233	2	437	14	117	86.46	434	0.0003787113	438	0.29576	164
Durban_Industry_Climate_Change_Partnership_Project	2	786	0	760	2	673	0	633	0.0001556252	829	0.28445	341
Ecosecurities	12	263	0	760	12	149	0	633	0.0001556252	774	0.28204	373
Green_Light_New_Orleans	1	882	0	760	1	784	0	633	0.0001556252	883	0.26693	632
San_Francisco_Climate_Action_Plan	5	536	1	565	4	470	54.55	464	0.0002069753	629	0.2727	515
Coal_in_Finland	2	786	0	760	2	673	0	633	0.0001556252	829	0.26744	621
Sizzle_(film)	1	882	0	760	1	784	0	633	0.0001556252	883	0.26693	632
Paul_Collier	5	536	1	565	4	470	147.29	396	0.0002513442	564	0.25164	800
Michael_Schlesinger	5	536	0	760	5	400	0	633	0.0001556252	867	0.29178	215
SinksWatch	2	786	1	565	2	673	714	284	0.0008018736	253	0.25272	790
Langkawi_Declaration	3	700	0	760	3	578	0	633	0.0001556252	971	0.27795	437
Maladaptation	3	700	1	565	2	673	0	633	0.0001886008	666	0.286	307
Evangelical_Climate_Initiative	2	786	1	565	1	784	0	633	0.0002648713	544	0.26708	628
Human_Rights_and_Climate_Change	4	615	0	760	4	470	0	633	0.0001556252	800	0.27694	457
Copenhagen_Diagnosis	4	615	1	565	3	578	244.9	368	0.000187641	669	0.27748	447
Straight_Up_(book)	16	201	0	760	16	94	0	633	0.0001556252	774	0.30433	80
Plows,_Plagues_and_Petroleum	17	185	0	760	17	85	0	633	0.0001556252	760	0.30592	69
List_of_periods_and_events_in_climate_history	19	160	1	565	18	78	89.13	429	0.0001947461	655	0.27188	530
CoolCalifornia.org	3	700	1	565	3	578	0	633	0.0001743613	709	0.28469	335
Photophoresis	1	882	1	565	0	939	0	633	0.0002595505	554	0.22737	938
Climate_change_in_Texas	6	463	0	760	6	331	0	633	0.0001556252	774	0.27772	441
Clean_Cities	2	786	1	565	1	784	8.38	565	0.0001784532	697	0.23665	904
Economics_of_climate_change_mitigation	20	151	0	760	20	57	0	633	0.0001556252	760	0.3023	101
Civil_Society_Coalition_on_Climate_Change	4	615	0	760	4	470	0	633	0.0001556252	800	0.2822	370
Luuk_Folkerts	2	786	0	760	2	673	0	633	0.0001556252	829	0.25421	776
Campus_carbon_neutrality	4	615	1	565	3	578	45.21	475	0.0002049406	633	0.27519	483
Rio_Convention	1	882	0	760	1	784	0	633	0.0001556252	883	0.24752	829
Glacier_mass_balance	3	700	1	565	3	578	61.15	456	0.0009063029	228	0.28478	329
European_Assembly_for_Climate_Justice	1	882	0	760	1	784	0	633	0.0001556252	883	0.22175	960
Sydney_Declaration	3	700	0	760	3	578	0	633	0.0001556252	971	0.27034	557
Climate_change_in_the_Arctic	26	104	2	437	24	36	4393.88	81	0.001557502	134	0.29506	177
Arctic_Ocean_Conference	3	700	2	437	2	673	2.51	604	0.0003799327	435	0.26895	581
Ilulissat_Declaration	3	700	2	437	2	673	2.51	604	0.0003799327	435	0.26895	581
Half_Gone:_Oil,_Gas,_Hot_Air_and_the_Global_Energy_Crisis	1	882	0	760	1	784	0	633	0.0001556252	883	0.26693	632
Ecology_Center_(Ann_Arbor)	2	786	0	760	2	673	0	633	0.0001556252	829	0.2495	811
Compensation_principle	1	882	1	565	0	939	0	633	0.0001821565	689	0.24013	875
The_Green_Collar_Economy	2	786	0	760	2	673	0	633	0.0001556252	829	0.23817	893
Carbon_Nation	4	615	1	565	3	578	19.67	531	0.0001706333	717	0.24466	849
International_Climate_Science_Coalition	3	700	1	565	2	673	120.64	409	0.0001798695	692	0.23648	907
100,000-year_problem	6	463	0	760	6	331	0	633	0.0001556252	774	0.24636	840
Christian_Aid	4	615	2	437	2	673	966.44	243	0.0002175154	611	0.27012	561
Carbon_neutral	1	882	0	760	1	784	0	633	0.0001556252	883	0.23564	911
The_Energy_and_Resources_Institute	2	786	1	565	2	673	0	633	0.0003510087	461	0.25571	759
Greening_Earth_Society	2	786	1	565	2	673	28.57	504	0.0002557472	561	0.25531	764
Friends_of_the_Earth_Australia	3	700	3	358	0	939	0	633	0.000921247	222	0.24472	848
Climate_change_in_Montana	6	463	0	760	6	331	0	633	0.0001556252	774	0.2851	324
Carbon_negative	1	882	0	760	1	784	0	633	0.0001556252	883	0.22562	945
Carbon_capture_and_storage_(timeline)	12	263	1	565	12	149	1935.57	157	0.0003293171	479	0.3013	112
Canada_and_the_Kyoto_Protocol	9	330	0	760	9	212	0	633	0.0001556252	800	0.28445	341
Scientific_Integrity_in_Policymaking	4	615	1	565	4	470	45.48	474	0.0002901917	518	0.23676	903
Mario_J._Molina	5	536	4	308	1	784	10.57	558	0.0008670143	241	0.24317	855
North_Atlantic_Oscillation	1	882	0	760	1	784	0	633	0.0001556252	883	0.22867	934
Online_Carbon_Management_Tool	2	786	1	565	1	784	21.41	527	0.0002239364	598	0.24282	859
Weyburn-Midale_Carbon_Dioxide_Project	2	786	2	437	1	784	0	633	0.0005067134	365	0.24317	855
Climate_surprise	1	882	0	760	1	784	0	633	0.0001556252	883	0.23122	927
Greenland_(2011_play)	1	882	0	760	1	784	0	633	0.0001556252	883	0.26693	632
Elinor_Ostrom	1	882	1	565	0	939	0	633	0.0002560735	560	0.23197	925
Earth_2100	4	615	0	760	4	470	0	633	0.0001556252	800	0.2699	566
Stop_Climate_Chaos_Scotland	3	700	1	565	3	578	0	633	0.0001832734	682	0.24094	870
Interamerican_Association_for_Environmental_Defense	1	882	0	760	1	784	0	633	0.0001556252	883	0.22349	952
Human_impact_of_climate_change	1	882	0	760	1	784	0	633	0.0001556252	883	0.23338	920
List_of_authors_of_''Climate_Change_2007:_The_Physical_Science_Basis''	20	151	0	760	20	57	0	633	0.0001556252	760	0.27293	513
Richard_Alley	4	615	2	437	2	673	7.21	577	0.0002031997	635	0.25896	726
Andrew_Pitman	7	406	2	437	5	400	955.35	246	0.0001818847	690	0.24844	818
Peter_A._Stott	6	463	2	437	4	470	7.76	570	0.0002031997	635	0.27927	417
An_Appeal_to_Reason	6	463	0	760	6	331	0	633	0.0001556252	774	0.28156	381
John_Gibbons_(activist)	4	615	0	760	4	470	0	633	0.0001556252	800	0.28807	260
Climate_bond	2	786	2	437	1	784	0	633	0.0002414042	578	0.25209	797
Energy_Tax_Prevention_Act	1	882	0	760	1	784	0	633	0.0001556252	883	0.26672	651
Climate_change_opinion_by_country	3	700	1	565	2	673	2.63	601	0.0001855262	670	0.26924	579
Personal_carbon_credits	3	700	0	760	3	578	0	633	0.0001556252	971	0.24123	869
Territorial_Approach_to_Climate_Change	1	882	0	760	1	784	0	633	0.0001556252	883	0.26672	651
U.S._Climate_Action_Partnership	8	365	1	565	8	244	3.31	596	0.0001975986	647	0.28999	235
High_and_Dry_(book)	2	786	0	760	2	673	0	633	0.0001556252	829	0.26758	607
Carbonfund.org	4	615	0	760	4	470	0	633	0.0001556252	800	0.25401	779
Reaction_Time:_Climate_Change_and_the_Nuclear_Option	4	615	0	760	4	470	0	633	0.0001556252	800	0.23322	921
Future_sea_level	9	330	1	565	8	244	58.64	460	0.0004749531	378	0.27834	430
Historical_impacts_of_climate_change	4	615	0	760	4	470	0	633	0.0001556252	800	0.24394	851
Livestock's_Long_Shadow	6	463	0	760	6	331	0	633	0.0001556252	774	0.28782	269
International_Tundra_Experiment	2	786	0	760	2	673	0	633	0.0001556252	829	0.28469	335
World_Vision_United_States	2	786	0	760	2	673	0	633	0.0001556252	829	0.23972	879
Chesapeake_Climate_Action_Network	2	786	2	437	0	939	0	633	0.0003010753	502	0.22608	941
Shrinking_the_footprint	7	406	0	760	7	275	0	633	0.0001556252	763	0.28372	355
Representative_Concentration_Pathways	2	786	1	565	1	784	0.65	622	0.0001988609	645	0.24053	874
Climate_change_and_ecosystems	5	536	0	760	5	400	0	633	0.0001556252	867	0.27656	465
Young_Voices_on_Climate_Change	1	882	0	760	1	784	0	633	0.0001556252	883	0.2224	956
Earth_embassy	1	882	0	760	1	784	0	633	0.0001556252	883	0.24666	835
UN-REDD	2	786	2	437	0	939	0	633	0.0003522204	460	0.23654	906
P8_Group	3	700	0	760	3	578	0	633	0.0001556252	971	0.27248	519
Tradable_Energy_Quotas	4	615	1	565	4	470	3.12	597	0.0002086436	623	0.27137	541
Clouds_of_Smoke	1	882	0	760	1	784	0	633	0.0001556252	883	0.26693	632
Environmental_and_Energy_Study_Institute	5	536	0	760	5	400	0	633	0.0001556252	867	0.29161	216
CLAW_hypothesis	9	330	2	437	8	244	48.66	469	0.000346615	462	0.2736	503
Tiempo_(programme)	1	882	0	760	1	784	0	633	0.0001556252	883	0.26693	632
Hotspot_Ecosystems_Research_on_the_Margins_of_European_Seas	1	882	1	565	1	784	0	633	0.0003657723	445	0.21127	974
Hotspot_Ecosystem_Research_and_Man's_Impact_On_European_Seas	2	786	1	565	2	673	716	278	0.000477546	376	0.26772	604
Climate_change_in_Tuvalu	6	463	0	760	6	331	0	633	0.0001556252	774	0.27904	418
Joint_Ocean_Commission_Initiative	2	786	1	565	1	784	2.2	607	0.0001727462	711	0.22856	936
National_Nuclear_Laboratory	2	786	1	565	2	673	714	282	0.0007702647	262	0.20646	979
Centre_for_Climate_Change_Economics_and_Policy	3	700	0	760	3	578	0	633	0.0001556252	971	0.24276	860
Carbon_Clear	6	463	1	565	5	400	23.35	519	0.0001708438	714	0.27671	461
Gillian_Caldwell	4	615	0	760	4	470	0	633	0.0001556252	800	0.28899	250
Cool_the_Earth	2	786	0	760	2	673	0	633	0.0001556252	829	0.23972	879
United_Nations_Special_Envoy_on_Climate_Change	1	882	0	760	1	784	0	633	0.0001556252	883	0.2526	794
Solar_shade	1	882	0	760	1	784	0	633	0.0001556252	883	0.22151	962
John_F._B._Mitchell	4	615	1	565	4	470	0.34	627	0.0001963514	649	0.27159	538
Climate_refugee	1	882	0	760	1	784	0	633	0.0001556252	883	0.22582	942
Turning_the_Corner_Plan	2	786	0	760	2	673	0	633	0.0001556252	829	0.27873	423
Indigenous_Peoples_Climate_Change_Assessment_Initiative	3	700	1	565	3	578	0	633	0.0002800825	527	0.27496	487
Stakeholder_Forum_for_a_Sustainable_Future	4	615	0	760	4	470	0	633	0.0001556252	800	0.25279	789
Climate_change_in_West_Virginia	2	786	0	760	2	673	0	633	0.0001556252	829	0.25571	759
Climate_change_in_literature	16	201	1	565	16	94	9180.7	34	0.0009063029	228	0.29324	195
Paul_VI_Audience_Hall	2	786	1	565	1	784	0	633	0.0001852421	673	0.24223	862
Climate_change_in_Saskatchewan	12	263	0	760	12	149	0	633	0.0001556252	774	0.3023	101
MSU_temperature_measurements	6	463	0	760	6	331	0	633	0.0001556252	774	0.26065	701
Greenhouse_gas_emissions_in_Kentucky	3	700	0	760	3	578	0	633	0.0001556252	971	0.27026	558
Crofters_Commission	3	700	3	358	0	939	0	633	0.0003345633	474	0.17845	993
Scottish_Government_Environment_Directorates	7	406	1	565	7	275	1873	161	0.0002203372	607	0.21679	968
Loch_Lomond_and_The_Trossachs_National_Park_Authority	2	786	2	437	0	939	0	633	0.0003068603	497	0.17839	994
The_Carbon_Principles	1	882	0	760	1	784	0	633	0.0001556252	883	0.26758	607
FutureGen	8	365	5	262	6	331	2063.1	150	0.0007365212	273	0.25063	806
Criticism_of_the_IPCC_Fourth_Assessment_Report	15	217	1	565	14	117	598.85	301	0.0002099519	621	0.28518	319
Lost_City_Raiders	1	882	0	760	1	784	0	633	0.0001556252	883	0.26693	632
Climate_crunch	1	882	0	760	1	784	0	633	0.0001556252	883	0.26693	632
First_commitment_period_(2008–2012)	4	615	0	760	4	470	0	633	0.0001556252	800	0.26244	683
Cairngorms_National_Park_Authority	1	882	1	565	0	939	0	633	0.0002421483	577	0.17819	997
Forestry_Commission_Scotland	3	700	3	358	0	939	0	633	0.000355762	454	0.23073	930
Entropy_and_the_environment	1	882	1	565	0	939	0	633	0.0003583781	451	0.22567	944
Trans-Mediterranean_Renewable_Energy_Cooperation	4	615	0	760	4	470	0	633	0.0001556252	800	0.26765	606
Carbon_Sequestration_Leadership_Forum	3	700	1	565	3	578	3.76	595	0.0003293171	480	0.28649	294
Climate_Change_Capital	3	700	0	760	3	578	0	633	0.0001556252	971	0.25395	780
Global_Energy_and_Water_Cycle_Experiment	5	536	0	760	5	400	0	633	0.0001556252	867	0.27041	554
Journal_for_Geoclimatic_Studies	2	786	0	760	2	673	0	633	0.0001556252	829	0.26953	575
Green_paradox	2	786	0	760	2	673	0	633	0.0001556252	829	0.27196	529
Jim_Salinger	4	615	2	437	3	578	109.91	411	0.0002594932	555	0.27772	441
David_Pearce_(economist)	1	882	0	760	1	784	0	633	0.0001556252	883	0.25499	767
CERINA-Plan	3	700	0	760	3	578	0	633	0.0001556252	971	0.2727	515
NGAC	1	882	0	760	1	784	0	633	0.0001556252	883	0.23031	932
Carbon_emission_label	3	700	0	760	3	578	0	633	0.0001556252	971	0.2739	493
Keep_Cool_(board_game)	6	463	0	760	6	331	0	633	0.0001556252	774	0.29195	210
Christopher_Flavin	2	786	0	760	2	673	0	633	0.0001556252	829	0.24832	821
Unstoppable_Global_Warming:_Every_1,500_Years	6	463	0	760	6	331	0	633	0.0001556252	774	0.27687	459
Peace_Boat	1	882	0	760	1	784	0	633	0.0001556252	883	0.21404	973
United_States_Senate_Environment_and_Public_Works_Subcommittee_on_Public_Sector_Solutions_to_Global_Warming,_Oversight,_and_Children's_Health_Protection	2	786	0	760	2	673	0	633	0.0001556252	829	0.26729	624
MicroFIT	1	882	0	760	1	784	0	633	0.0001556252	883	0.24666	835
NoCO2_Certification_Program	3	700	0	760	3	578	0	633	0.0001556252	971	0.26961	573
Green_Climate_Fund_(GCF)	1	882	0	760	1	784	0	633	0.0001556252	883	0.21859	966
Sandbag_(non-profit_organisation)	2	786	0	760	2	673	0	633	0.0001556252	829	0.26946	576
Aviation_and_climate_change	1	882	0	760	1	784	0	633	0.0001556252	883	0.23926	883
City_of_Oakland_Energy_and_Climate_Action_Plan	2	786	0	760	2	673	0	633	0.0001556252	829	0.28445	341
Energy_and_American_Society:_Thirteen_Myths	6	463	0	760	6	331	0	633	0.0001556252	774	0.27511	485
Climate_Change_and_Global_Energy_Security	5	536	1	565	4	470	97.74	421	0.0001784532	694	0.25856	735
Fisheries_and_climate_change	13	249	1	565	13	129	33.28	496	0.0001659971	733	0.30066	123
Criegee_biradical	1	882	0	760	1	784	0	633	0.0001556252	883	0.26693	632
Vatican_Climate_Forest	8	365	1	565	8	244	1040.49	231	0.0002692101	539	0.29126	221
Marginal_abatement_cost	3	700	2	437	2	673	0	633	0.0003179812	490	0.25584	757
Commodity_Exchange_Bratislava	2	786	2	437	0	939	0	633	0.0003917208	429	0.24672	833
Honor_the_Earth	3	700	0	760	3	578	0	633	0.0001556252	971	0.28077	391
Climate_change,_industry_and_society	11	284	0	760	11	166	0	633	0.0001556252	763	0.29042	234
BSI_PAS_2060	9	330	0	760	9	212	0	633	0.0001556252	800	0.27233	522
NNFCC	1	882	0	760	1	784	0	633	0.0001556252	883	0.20638	981
The_Carbon_War:_Global_Warming_and_the_End_of_the_Oil_Era	1	882	0	760	1	784	0	633	0.0001556252	883	0.26693	632
The_Green_Initiative	2	786	0	760	2	673	0	633	0.0001556252	829	0.26708	628
Belgrave_Trust	5	536	0	760	5	400	0	633	0.0001556252	867	0.25876	732
Hot,_Flat,_and_Crowded	9	330	0	760	9	212	0	633	0.0001556252	800	0.2874	278
Bangladesh_climate_Multi_Donor_Trust_Fund	1	882	0	760	1	784	0	633	0.0001556252	883	0.21716	967
Element_Markets	2	786	0	760	2	673	0	633	0.0001556252	829	0.25266	791
Climate_risk	8	365	0	760	8	244	0	633	0.0001556252	883	0.29655	153
Surviving_the_Century:_Facing_Climate_Chaos_and_Other_Global_Challenges	1	882	0	760	1	784	0	633	0.0001556252	883	0.26758	607
Surface_Heat_Budget_of_the_Arctic_Ocean	3	700	0	760	3	578	0	633	0.0001556252	971	0.24305	858
Climate_footprint	3	700	0	760	3	578	0	633	0.0001556252	971	0.25749	752
Solar_Cities_in_Australia	3	700	2	437	1	784	4.91	590	0.0001889643	665	0.24001	876
Scorcher:_The_Dirty_Politics_of_Climate_Change	8	365	1	565	7	275	19.41	532	0.0001661364	732	0.26106	698
David_Parker_(climatologist)	3	700	1	565	3	578	0.96	617	0.0003750094	441	0.23542	913
Environmental_Transformation_Fund	1	882	1	565	0	939	0	633	0.000313749	492	0.23812	894
B4E_Business_for_the_Environment	6	463	1	565	5	400	1625.04	176	0.0009063029	227	0.27772	441
Greenhouse_gas_emissions_by_the_United_Kingdom	10	302	0	760	10	186	0	633	0.0001556252	772	0.2889	252
Energy_planning	1	882	0	760	1	784	0	633	0.0001556252	883	0.26672	651
EcoAid	4	615	0	760	4	470	0	633	0.0001556252	800	0.27041	554
David_Gardiner_(environmentalist)	3	700	0	760	3	578	0	633	0.0001556252	971	0.25518	766
Climate_change_in_Idaho	3	700	0	760	3	578	0	633	0.0001556252	971	0.25703	753
Scottish_Government_Enterprise_and_Environment_Directorates	1	882	1	565	0	939	0	633	0.0001833283	680	0.17823	996
Hot_air_(economics)	8	365	0	760	8	244	0	633	0.0001556252	883	0.29101	227
Climate_change_in_Russia	6	463	0	760	6	331	0	633	0.0001556252	774	0.29315	196
Clean_Energy_Future_Group	6	463	0	760	6	331	0	633	0.0001556252	774	0.27345	507
European_emission_standards	5	536	1	565	5	400	1309.5	204	0.0003543525	456	0.25408	778
Climate_Change:_Global_Risks,_Challenges_and_Decisions	12	263	0	760	12	149	0	633	0.0001556252	774	0.28037	397
Storm_World	1	882	0	760	1	784	0	633	0.0001556252	883	0.26693	632
Global_Commons_Institute	2	786	1	565	2	673	0	633	0.0001983676	646	0.26844	589
Uunartoq_Qeqertaq	2	786	0	760	2	673	0	633	0.0001556252	829	0.26715	627
Ice2sea	2	786	0	760	2	673	0	633	0.0001556252	829	0.26873	587
World_Scientists'_Warning_to_Humanity	4	615	0	760	4	470	0	633	0.0001556252	800	0.28682	290
Desert_Research_Institute	1	882	0	760	1	784	0	633	0.0001556252	883	0.20561	986
Bali_roadmap	1	882	0	760	1	784	0	633	0.0001556252	883	0.22862	935
Hemispherical_photography	4	615	0	760	4	470	0	633	0.0001556252	800	0.24341	852
Great_Green_Wall	1	882	0	760	1	784	0	633	0.0001556252	883	0.24539	844
Carbon_lock-in	6	463	0	760	6	331	0	633	0.0001556252	774	0.28999	235
U.S._Climate_Change_Technology_Program	3	700	1	565	2	673	2.08	608	0.0001784532	694	0.26701	631
Views_on_the_Kyoto_Protocol	8	365	0	760	8	244	0	633	0.0001556252	883	0.26615	658
Mootral	6	463	0	760	6	331	0	633	0.0001556252	774	0.29203	209
R20_Regions_of_Climate_Action	2	786	0	760	2	673	0	633	0.0001556252	829	0.27188	530
Cool_It:_The_Skeptical_Environmentalist's_Guide_to_Global_Warming	4	615	0	760	4	470	0	633	0.0001556252	800	0.27664	463
Öko-Institut	1	882	0	760	1	784	0	633	0.0001556252	883	0.2417	868
Heaven_and_Earth_(book)	12	263	0	760	12	149	0	633	0.0001556252	774	0.30084	119
The_End_of_Energy_Obesity	3	700	0	760	3	578	0	633	0.0001556252	971	0.27756	444
Six_Degrees:_Our_Future_on_a_Hotter_Planet	5	536	0	760	5	400	0	633	0.0001556252	867	0.28765	271
Ice_sheet_model	1	882	1	565	0	939	0	633	0.0004471344	397	0.23343	919
East_Asia_Climate_Partnership	3	700	0	760	3	578	0	633	0.0001556252	971	0.29488	178
Cool_It_(film)	1	882	0	760	1	784	0	633	0.0001556252	883	0.26693	632
An_Inconvenient_Truth_(book)	4	615	0	760	4	470	0	633	0.0001556252	800	0.27012	561
Keith_Shine	4	615	0	760	4	470	0	633	0.0001556252	800	0.28396	351
Policy_reform	2	786	0	760	2	673	0	633	0.0001556252	829	0.2427	861
Presbyterian_Church_(USA)_Carbon_Neutral_Resolution	5	536	0	760	5	400	0	633	0.0001556252	867	0.27345	507
Green_Building_in_Bangladesh	5	536	0	760	5	400	0	633	0.0001556252	867	0.29384	189
Cape_Farewell,_UK	1	882	0	760	1	784	0	633	0.0001556252	883	0.26758	607
Proxy_(climate)	9	330	0	760	9	212	0	633	0.0001556252	800	0.2851	324
Emissions_Trading_Registry	2	786	0	760	2	673	0	633	0.0001556252	829	0.25842	736
Leipzig_Declaration	9	330	0	760	9	212	0	633	0.0001556252	800	0.28388	354
California_Proposition_23_(2010)	4	615	0	760	4	470	0	633	0.0001556252	800	0.25896	726
Global_Roundtable_on_Climate_Change	2	786	0	760	2	673	0	633	0.0001556252	829	0.25669	755
